Passengerid,Age,Fare,Sex,sibsp,zero,zero.1,zero.2,zero.3,zero.4,zero.5,zero.6,Parch,zero.7,zero.8,zero.9,zero.10,zero.11,zero.12,zero.13,zero.14,Pclass,zero.15,zero.16,Embarked,zero.17,zero.18,2urvived
1,-0.5816283106401147,-0.5032910637405889,0,1,0,0,0,0,0,0,0,0,0,0,0,0,0,0,0,0,3,0,0,2.0,0,0,0
2,0.6586519408900796,0.7347436506052941,1,1,0,0,0,0,0,0,0,0,0,0,0,0,0,0,0,0,1,0,0,0.0,0,0,1
3,-0.2715582477575661,-0.4902404567566684,1,0,0,0,0,0,0,0,0,0,0,0,0,0,0,0,0,0,3,0,0,2.0,0,0,1
4,0.4260993937281682,0.38318349953756076,1,1,0,0,0,0,0,0,0,0,0,0,0,0,0,0,0,0,1,0,0,2.0,0,0,1
5,0.4260993937281682,-0.48782367768557205,0,0,0,0,0,0,0,0,0,0,0,0,0,0,0,0,0,0,3,0,0,2.0,0,0,0
6,-0.11652321631629182,-0.47992951052774285,0,0,0,0,0,0,0,0,0,0,0,0,0,0,0,0,0,0,3,0,0,1.0,0,0,0
7,1.898932192420274,0.35925738673370655,0,0,0,0,0,0,0,0,0,0,0,0,0,0,0,0,0,0,1,0,0,2.0,0,0,0
8,-2.1319786250528576,-0.23599529847733,0,3,0,0,0,0,0,0,0,1,0,0,0,0,0,0,0,0,3,0,0,2.0,0,0,0
9,-0.19404073203692898,-0.4282104384062805,1,0,0,0,0,0,0,0,0,2,0,0,0,0,0,0,0,0,3,0,0,2.0,0,0,1
10,-1.201768436405212,-0.062068409135180025,1,1,0,0,0,0,0,0,0,0,0,0,0,0,0,0,0,0,2,0,0,0.0,0,0,1
11,-1.9769435936115833,-0.32058256596570306,1,1,0,0,0,0,0,0,0,1,0,0,0,0,0,0,0,0,3,0,0,2.0,0,0,1
12,2.2090022553028223,-0.13014037516330884,1,0,0,0,0,0,0,0,0,0,0,0,0,0,0,0,0,0,1,0,0,2.0,0,0,1
13,-0.736663342081389,-0.48782367768557205,0,0,0,0,0,0,0,0,0,0,0,0,0,0,0,0,0,0,3,0,0,2.0,0,0,0
14,0.7361694566107168,-0.038786126275866,0,1,0,0,0,0,0,0,0,5,0,0,0,0,0,0,0,0,3,0,0,2.0,0,0,0
15,-1.201768436405212,-0.4916093204225374,1,0,0,0,0,0,0,0,0,0,0,0,0,0,0,0,0,0,3,0,0,2.0,0,0,0
16,1.9764497081409111,-0.33411652876384274,1,0,0,0,0,0,0,0,0,0,0,0,0,0,0,0,0,0,2,0,0,2.0,0,0,1
17,-2.1319786250528576,-0.08035472629872359,0,4,0,0,0,0,0,0,0,1,0,0,0,0,0,0,0,0,3,0,0,1.0,0,0,0
18,-0.11652321631629182,-0.3921192264701557,0,0,0,0,0,0,0,0,0,0,0,0,0,0,0,0,0,0,2,0,0,2.0,0,0,1
19,0.1160293308456196,-0.29544806362630077,1,1,0,0,0,0,0,0,0,0,0,0,0,0,0,0,0,0,3,0,0,2.0,0,0,0
20,-0.11652321631629182,-0.5037744195548081,1,0,0,0,0,0,0,0,0,0,0,0,0,0,0,0,0,0,3,0,0,0.0,0,0,1
21,0.4260993937281682,-0.14077420307613292,0,0,0,0,0,0,0,0,0,0,0,0,0,0,0,0,0,0,2,0,0,2.0,0,0,0
22,0.34858187800753104,-0.3921192264701557,0,0,0,0,0,0,0,0,0,0,0,0,0,0,0,0,0,0,2,0,0,2.0,0,0,1
23,-1.1242509206845748,-0.4882258297230025,1,0,0,0,0,0,0,0,0,0,0,0,0,0,0,0,0,0,3,0,0,1.0,0,0,1
24,-0.11652321631629182,0.042901006327191425,0,0,0,0,0,0,0,0,0,0,0,0,0,0,0,0,0,0,1,0,0,2.0,0,0,1
25,-1.6668735307290348,-0.23599529847733,1,3,0,0,0,0,0,0,0,1,0,0,0,0,0,0,0,0,3,0,0,2.0,0,0,0
26,0.6586519408900796,-0.036611025111879254,1,1,0,0,0,0,0,0,0,5,0,0,0,0,0,0,0,0,3,0,0,2.0,0,0,1
27,-0.11652321631629182,-0.5037744195548081,0,0,0,0,0,0,0,0,0,0,0,0,0,0,0,0,0,0,3,0,0,0.0,0,0,0
28,-0.8141808578020261,4.44143891572259,0,3,0,0,0,0,0,0,0,2,0,0,0,0,0,0,0,0,1,0,0,2.0,0,0,0
29,-0.11652321631629182,-0.4911259646083181,1,0,0,0,0,0,0,0,0,0,0,0,0,0,0,0,0,0,3,0,0,1.0,0,0,1
30,-0.11652321631629182,-0.4908050163476765,0,0,0,0,0,0,0,0,0,0,0,0,0,0,0,0,0,0,3,0,0,2.0,0,0,0
31,0.8136869723313539,-0.10750385567179178,0,0,0,0,0,0,0,0,0,0,0,0,0,0,0,0,0,0,1,0,0,0.0,0,0,0
32,-0.11652321631629182,2.189402973498201,1,1,0,0,0,0,0,0,0,0,0,0,0,0,0,0,0,0,1,0,0,0.0,0,0,1
33,-0.11652321631629182,-0.49362394745620336,1,0,0,0,0,0,0,0,0,0,0,0,0,0,0,0,0,0,3,0,0,1.0,0,0,1
34,2.8291423810679195,-0.44045480789208313,0,0,0,0,0,0,0,0,0,0,0,0,0,0,0,0,0,0,2,0,0,2.0,0,0,0
35,-0.11652321631629182,0.9452451076977882,0,1,0,0,0,0,0,0,0,0,0,0,0,0,0,0,0,0,1,0,0,0.0,0,0,0
36,0.9687220037726282,0.36191584371191265,0,1,0,0,0,0,0,0,0,0,0,0,0,0,0,0,0,0,1,0,0,2.0,0,0,0
37,-0.11652321631629182,-0.5036932157780193,0,0,0,0,0,0,0,0,0,0,0,0,0,0,0,0,0,0,3,0,0,0.0,0,0,1
38,-0.6591458263607518,-0.48782367768557205,0,0,0,0,0,0,0,0,0,0,0,0,0,0,0,0,0,0,3,0,0,2.0,0,0,0
39,-0.8916983735226632,-0.29544806362630077,1,2,0,0,0,0,0,0,0,0,0,0,0,0,0,0,0,0,3,0,0,2.0,0,0,0
40,-1.201768436405212,-0.42611460759582565,1,1,0,0,0,0,0,0,0,0,0,0,0,0,0,0,0,0,3,0,0,0.0,0,0,1
41,0.8136869723313539,-0.4602723962750734,1,1,0,0,0,0,0,0,0,0,0,0,0,0,0,0,0,0,3,0,0,2.0,0,0,0
42,-0.19404073203692898,-0.23744536591998783,1,1,0,0,0,0,0,0,0,0,0,0,0,0,0,0,0,0,2,0,0,2.0,0,0,0
43,-0.11652321631629182,-0.4908050163476765,0,0,0,0,0,0,0,0,0,0,0,0,0,0,0,0,0,0,3,0,0,0.0,0,0,0
44,-2.0544611093322205,0.16043767295926398,1,1,0,0,0,0,0,0,0,2,0,0,0,0,0,0,0,0,2,0,0,0.0,0,0,1
45,-0.8141808578020261,-0.4911259646083181,1,0,0,0,0,0,0,0,0,0,0,0,0,0,0,0,0,0,3,0,0,1.0,0,0,1
46,-0.11652321631629182,-0.48782367768557205,0,0,0,0,0,0,0,0,0,0,0,0,0,0,0,0,0,0,3,0,0,2.0,0,0,0
47,-0.11652321631629182,-0.3437836450482282,0,1,0,0,0,0,0,0,0,0,0,0,0,0,0,0,0,0,3,0,0,1.0,0,0,0
48,-0.11652321631629182,-0.49362394745620336,1,0,0,0,0,0,0,0,0,0,0,0,0,0,0,0,0,0,3,0,0,1.0,0,0,1
49,-0.11652321631629182,-0.22431355515927853,0,2,0,0,0,0,0,0,0,0,0,0,0,0,0,0,0,0,3,0,0,0.0,0,0,0
50,-0.8916983735226632,-0.29931491014005496,1,1,0,0,0,0,0,0,0,0,0,0,0,0,0,0,0,0,3,0,0,2.0,0,0,0
51,-1.744391046449672,0.12386310520891992,0,4,0,0,0,0,0,0,0,1,0,0,0,0,0,0,0,0,3,0,0,2.0,0,0,0
52,-0.6591458263607518,-0.4926572358277648,0,0,0,0,0,0,0,0,0,0,0,0,0,0,0,0,0,0,3,0,0,2.0,0,0,0
53,1.5113446138170883,0.8400359477515641,1,1,0,0,0,0,0,0,0,0,0,0,0,0,0,0,0,0,1,0,0,0.0,0,0,1
54,-0.03900570059565468,-0.14077420307613292,1,1,0,0,0,0,0,0,0,0,0,0,0,0,0,0,0,0,2,0,0,2.0,0,0,1
55,2.7516248653472823,0.554856017362192,0,0,0,0,0,0,0,0,0,1,0,0,0,0,0,0,0,0,1,0,0,0.0,0,0,0
56,-0.11652321631629182,0.042901006327191425,0,0,0,0,0,0,0,0,0,0,0,0,0,0,0,0,0,0,1,0,0,2.0,0,0,1
57,-0.6591458263607518,-0.44045480789208313,1,0,0,0,0,0,0,0,0,0,0,0,0,0,0,0,0,0,2,0,0,2.0,0,0,1
58,-0.07776445845597325,-0.5036932157780193,0,0,0,0,0,0,0,0,0,0,0,0,0,0,0,0,0,0,3,0,0,0.0,0,0,0
59,-1.8994260778909462,-0.10693929608078369,1,1,0,0,0,0,0,0,0,2,0,0,0,0,0,0,0,0,2,0,0,2.0,0,0,1
60,-1.4343209835671233,0.2633112576111806,0,5,0,0,0,0,0,0,0,2,0,0,0,0,0,0,0,0,3,0,0,2.0,0,0,0
61,-0.5816283106401147,-0.5036932157780193,0,0,0,0,0,0,0,0,0,0,0,0,0,0,0,0,0,0,3,0,0,0.0,0,0,0
62,0.6586519408900796,0.9032743556375001,1,0,0,0,0,0,0,0,0,0,0,0,0,0,0,0,0,0,1,0,0,2.0,0,0,1
63,1.2012745509345397,0.9704608138139792,0,1,0,0,0,0,0,0,0,0,0,0,0,0,0,0,0,0,1,0,0,2.0,0,0,0
64,-1.9769435936115833,-0.10403916119546806,0,3,0,0,0,0,0,0,0,2,0,0,0,0,0,0,0,0,3,0,0,2.0,0,0,0
65,-0.11652321631629182,-0.10750385567179178,0,0,0,0,0,0,0,0,0,0,0,0,0,0,0,0,0,0,1,0,0,0.0,0,0,0
66,-0.11652321631629182,-0.34869840696720983,0,1,0,0,0,0,0,0,0,1,0,0,0,0,0,0,0,0,3,0,0,0.0,0,0,1
67,-0.03900570059565468,-0.44045480789208313,1,0,0,0,0,0,0,0,0,0,0,0,0,0,0,0,0,0,2,0,0,2.0,0,0,1
68,-0.8141808578020261,-0.48572978029837416,0,0,0,0,0,0,0,0,0,0,0,0,0,0,0,0,0,0,3,0,0,2.0,0,0,0
69,-0.9692158892433004,-0.4902404567566684,1,4,0,0,0,0,0,0,0,2,0,0,0,0,0,0,0,0,3,0,0,2.0,0,0,1
70,-0.2715582477575661,-0.4759814602371998,0,2,0,0,0,0,0,0,0,0,0,0,0,0,0,0,0,0,3,0,0,2.0,0,0,0
71,0.19354684656625676,-0.44045480789208313,0,0,0,0,0,0,0,0,0,0,0,0,0,0,0,0,0,0,2,0,0,2.0,0,0,0
72,-1.0467334049639376,0.2633112576111806,1,5,0,0,0,0,0,0,0,2,0,0,0,0,0,0,0,0,3,0,0,2.0,0,0,0
73,-0.6591458263607518,0.7776018439404888,0,0,0,0,0,0,0,0,0,0,0,0,0,0,0,0,0,0,2,0,0,2.0,0,0,0
74,-0.2715582477575661,-0.3640033854686489,0,1,0,0,0,0,0,0,0,0,0,0,0,0,0,0,0,0,3,0,0,0.0,0,0,0
75,0.19354684656625676,0.4488386864945933,0,0,0,0,0,0,0,0,0,0,0,0,0,0,0,0,0,0,3,0,0,2.0,0,0,1
76,-0.34907576347820324,-0.4955573707130805,0,0,0,0,0,0,0,0,0,0,0,0,0,0,0,0,0,0,3,0,0,2.0,0,0,0
77,-0.11652321631629182,-0.4908050163476765,0,0,0,0,0,0,0,0,0,0,0,0,0,0,0,0,0,0,3,0,0,2.0,0,0,0
78,-0.11652321631629182,-0.48782367768557205,0,0,0,0,0,0,0,0,0,0,0,0,0,0,0,0,0,0,3,0,0,2.0,0,0,0
79,-2.2226741184460033,-0.08277150536981996,0,0,0,0,0,0,0,0,0,2,0,0,0,0,0,0,0,0,2,0,0,2.0,0,0,1
80,0.03851181512498246,-0.40226969856876044,1,0,0,0,0,0,0,0,0,0,0,0,0,0,0,0,0,0,3,0,0,2.0,0,0,1
81,-0.5816283106401147,-0.4694561567452396,0,0,0,0,0,0,0,0,0,0,0,0,0,0,0,0,0,0,3,0,0,2.0,0,0,0
82,-0.03900570059565468,-0.4597890404608541,0,0,0,0,0,0,0,0,0,0,0,0,0,0,0,0,0,0,3,0,0,2.0,0,0,1
83,-0.11652321631629182,-0.4928989137348744,1,0,0,0,0,0,0,0,0,0,0,0,0,0,0,0,0,0,3,0,0,1.0,0,0,1
84,-0.11652321631629182,0.26717810412493487,0,0,0,0,0,0,0,0,0,0,0,0,0,0,0,0,0,0,1,0,0,2.0,0,0,0
85,-0.9692158892433004,-0.44045480789208313,1,0,0,0,0,0,0,0,0,0,0,0,0,0,0,0,0,0,2,0,0,2.0,0,0,1
86,0.2710643622868939,-0.33701666364915833,1,3,0,0,0,0,0,0,0,0,0,0,0,0,0,0,0,0,3,0,0,2.0,0,0,1
87,-1.0467334049639376,0.02114999468732407,0,1,0,0,0,0,0,0,0,3,0,0,0,0,0,0,0,0,3,0,0,2.0,0,0,0
88,-0.11652321631629182,-0.48782367768557205,0,0,0,0,0,0,0,0,0,0,0,0,0,0,0,0,0,0,3,0,0,2.0,0,0,0
89,-0.5041107949194775,4.44143891572259,1,3,0,0,0,0,0,0,0,2,0,0,0,0,0,0,0,0,1,0,0,2.0,0,0,1
90,-0.4265932791988404,-0.48782367768557205,0,0,0,0,0,0,0,0,0,0,0,0,0,0,0,0,0,0,3,0,0,2.0,0,0,0
91,-0.03900570059565468,-0.48782367768557205,0,0,0,0,0,0,0,0,0,0,0,0,0,0,0,0,0,0,3,0,0,2.0,0,0,0
92,-0.736663342081389,-0.4916093204225374,0,0,0,0,0,0,0,0,0,0,0,0,0,0,0,0,0,0,3,0,0,2.0,0,0,0
93,1.2787920666551769,0.5393074275303864,0,1,0,0,0,0,0,0,0,0,0,0,0,0,0,0,0,0,1,0,0,2.0,0,0,0
94,-0.2715582477575661,-0.2456624147617155,0,1,0,0,0,0,0,0,0,2,0,0,0,0,0,0,0,0,3,0,0,2.0,0,0,0
95,2.2865197710234595,-0.5032910637405889,0,0,0,0,0,0,0,0,0,0,0,0,0,0,0,0,0,0,3,0,0,2.0,0,0,0
96,-0.11652321631629182,-0.48782367768557205,0,0,0,0,0,0,0,0,0,0,0,0,0,0,0,0,0,0,3,0,0,2.0,0,0,0
97,3.216729959671105,0.02654811242052499,0,0,0,0,0,0,0,0,0,0,0,0,0,0,0,0,0,0,1,0,0,0.0,0,0,0
98,-0.5041107949194775,0.5815198574977841,0,0,0,0,0,0,0,0,0,1,0,0,0,0,0,0,0,0,1,0,0,0.0,0,0,1
99,0.34858187800753104,-0.19877690078244586,1,0,0,0,0,0,0,0,0,1,0,0,0,0,0,0,0,0,2,0,0,2.0,0,0,1
100,0.34858187800753104,-0.14077420307613292,0,1,0,0,0,0,0,0,0,0,0,0,0,0,0,0,0,0,2,0,0,2.0,0,0,0
101,-0.11652321631629182,-0.4908050163476765,1,0,0,0,0,0,0,0,0,0,0,0,0,0,0,0,0,0,3,0,0,2.0,0,0,0
102,-0.11652321631629182,-0.4908050163476765,0,0,0,0,0,0,0,0,0,0,0,0,0,0,0,0,0,0,3,0,0,2.0,0,0,0
103,-0.6591458263607518,0.8508302497947088,0,0,0,0,0,0,0,0,0,1,0,0,0,0,0,0,0,0,1,0,0,2.0,0,0,0
104,0.2710643622868939,-0.4761419343675206,0,0,0,0,0,0,0,0,0,0,0,0,0,0,0,0,0,0,3,0,0,2.0,0,0,0
105,0.5811344251694425,-0.4902404567566684,0,2,0,0,0,0,0,0,0,0,0,0,0,0,0,0,0,0,3,0,0,2.0,0,0,0
106,-0.11652321631629182,-0.4908050163476765,0,0,0,0,0,0,0,0,0,0,0,0,0,0,0,0,0,0,3,0,0,2.0,0,0,0
107,-0.6591458263607518,-0.4955573707130805,1,0,0,0,0,0,0,0,0,0,0,0,0,0,0,0,0,0,3,0,0,2.0,0,0,1
108,-0.11652321631629182,-0.4931405916419841,0,0,0,0,0,0,0,0,0,0,0,0,0,0,0,0,0,0,3,0,0,2.0,0,0,1
109,0.6586519408900796,-0.4908050163476765,0,0,0,0,0,0,0,0,0,0,0,0,0,0,0,0,0,0,3,0,0,2.0,0,0,0
110,-0.11652321631629182,-0.17654253332835926,1,1,0,0,0,0,0,0,0,0,0,0,0,0,0,0,0,0,3,0,0,1.0,0,0,1
111,1.356309582375814,0.36191584371191265,0,0,0,0,0,0,0,0,0,0,0,0,0,0,0,0,0,0,1,0,0,2.0,0,0,0
112,-1.1630096785448933,-0.3640033854686489,1,1,0,0,0,0,0,0,0,0,0,0,0,0,0,0,0,0,3,0,0,0.0,0,0,0
113,-0.5816283106401147,-0.48782367768557205,0,0,0,0,0,0,0,0,0,0,0,0,0,0,0,0,0,0,3,0,0,2.0,0,0,0
114,-0.736663342081389,-0.45350541487600354,1,1,0,0,0,0,0,0,0,0,0,0,0,0,0,0,0,0,3,0,0,2.0,0,0,0
115,-0.9692158892433004,-0.3639241151151169,1,0,0,0,0,0,0,0,0,0,0,0,0,0,0,0,0,0,3,0,0,0.0,0,0,0
116,-0.6591458263607518,-0.4902404567566684,0,0,0,0,0,0,0,0,0,0,0,0,0,0,0,0,0,0,3,0,0,2.0,0,0,0
117,3.1779712018107866,-0.49362394745620336,0,0,0,0,0,0,0,0,0,0,0,0,0,0,0,0,0,0,3,0,0,1.0,0,0,0
118,-0.03900570059565468,-0.23744536591998783,0,1,0,0,0,0,0,0,0,0,0,0,0,0,0,0,0,0,2,0,0,2.0,0,0,0
119,-0.4265932791988404,4.14216046294407,0,0,0,0,0,0,0,0,0,1,0,0,0,0,0,0,0,0,1,0,0,0.0,0,0,0
120,-2.1319786250528576,-0.038786126275866,1,4,0,0,0,0,0,0,0,2,0,0,0,0,0,0,0,0,3,0,0,2.0,0,0,0
121,-0.6591458263607518,0.7776018439404888,0,2,0,0,0,0,0,0,0,0,0,0,0,0,0,0,0,0,2,0,0,2.0,0,0,0
122,-0.11652321631629182,-0.48782367768557205,0,0,0,0,0,0,0,0,0,0,0,0,0,0,0,0,0,0,3,0,0,2.0,0,0,0
123,0.23230560442657533,-0.062068409135180025,0,1,0,0,0,0,0,0,0,0,0,0,0,0,0,0,0,0,2,0,0,0.0,0,0,0
124,0.23230560442657533,-0.3921192264701557,1,0,0,0,0,0,0,0,0,0,0,0,0,0,0,0,0,0,2,0,0,2.0,0,0,1
125,1.898932192420274,0.8508302497947088,0,0,0,0,0,0,0,0,0,1,0,0,0,0,0,0,0,0,1,0,0,2.0,0,0,0
126,-1.3568034678464862,-0.42611460759582565,0,1,0,0,0,0,0,0,0,0,0,0,0,0,0,0,0,0,3,0,0,0.0,0,0,1
127,-0.11652321631629182,-0.49362394745620336,0,0,0,0,0,0,0,0,0,0,0,0,0,0,0,0,0,0,3,0,0,1.0,0,0,0
128,-0.4265932791988404,-0.5053849611277867,0,0,0,0,0,0,0,0,0,0,0,0,0,0,0,0,0,0,3,0,0,2.0,0,0,1
129,-0.11652321631629182,-0.2111836778218262,1,1,0,0,0,0,0,0,0,1,0,0,0,0,0,0,0,0,3,0,0,0.0,0,0,1
130,1.2012745509345397,-0.5086079776970008,0,0,0,0,0,0,0,0,0,0,0,0,0,0,0,0,0,0,3,0,0,2.0,0,0,0
131,0.2710643622868939,-0.4908050163476765,0,0,0,0,0,0,0,0,0,0,0,0,0,0,0,0,0,0,3,0,0,0.0,0,0,0
132,-0.736663342081389,-0.507157910254343,0,0,0,0,0,0,0,0,0,0,0,0,0,0,0,0,0,0,3,0,0,2.0,0,0,0
133,1.356309582375814,-0.3631178776169992,1,1,0,0,0,0,0,0,0,0,0,0,0,0,0,0,0,0,3,0,0,2.0,0,0,0
134,-0.03900570059565468,-0.14077420307613292,1,1,0,0,0,0,0,0,0,0,0,0,0,0,0,0,0,0,2,0,0,2.0,0,0,1
135,-0.34907576347820324,-0.3921192264701557,0,0,0,0,0,0,0,0,0,0,0,0,0,0,0,0,0,0,2,0,0,2.0,0,0,0
136,-0.5041107949194775,-0.352565253480964,0,0,0,0,0,0,0,0,0,0,0,0,0,0,0,0,0,0,2,0,0,0.0,0,0,0
137,-0.8141808578020261,-0.13529681498940008,1,0,0,0,0,0,0,0,0,2,0,0,0,0,0,0,0,0,1,0,0,2.0,0,0,1
138,0.5811344251694425,0.38318349953756076,0,1,0,0,0,0,0,0,0,0,0,0,0,0,0,0,0,0,1,0,0,2.0,0,0,0
139,-1.0467334049639376,-0.46526642854758693,0,0,0,0,0,0,0,0,0,0,0,0,0,0,0,0,0,0,3,0,0,2.0,0,0,0
140,-0.4265932791988404,0.8878069695824834,0,0,0,0,0,0,0,0,0,0,0,0,0,0,0,0,0,0,1,0,0,0.0,0,0,0
141,-0.11652321631629182,-0.34869840696720983,1,0,0,0,0,0,0,0,0,2,0,0,0,0,0,0,0,0,3,0,0,0.0,0,0,0
142,-0.5816283106401147,-0.49362394745620336,1,0,0,0,0,0,0,0,0,0,0,0,0,0,0,0,0,0,3,0,0,2.0,0,0,1
143,-0.4265932791988404,-0.33701666364915833,1,1,0,0,0,0,0,0,0,0,0,0,0,0,0,0,0,0,3,0,0,2.0,0,0,1
144,-0.8141808578020261,-0.5129581800249743,0,0,0,0,0,0,0,0,0,0,0,0,0,0,0,0,0,0,3,0,0,1.0,0,0,0
145,-0.8916983735226632,-0.42112057532331215,0,0,0,0,0,0,0,0,0,0,0,0,0,0,0,0,0,0,2,0,0,2.0,0,0,0
146,-0.8141808578020261,0.06706879703815516,0,1,0,0,0,0,0,0,0,1,0,0,0,0,0,0,0,0,2,0,0,2.0,0,0,0
147,-0.19404073203692898,-0.49273843960455366,0,0,0,0,0,0,0,0,0,0,0,0,0,0,0,0,0,0,3,0,0,2.0,0,0,1
148,-1.5893560150083976,0.02114999468732407,1,2,0,0,0,0,0,0,0,2,0,0,0,0,0,0,0,0,3,0,0,2.0,0,0,0
149,0.5423756673091239,-0.14077420307613292,0,0,0,0,0,0,0,0,0,2,0,0,0,0,0,0,0,0,2,0,0,2.0,0,0,0
150,0.9687220037726282,-0.3921192264701557,0,0,0,0,0,0,0,0,0,0,0,0,0,0,0,0,0,0,2,0,0,2.0,0,0,0
151,1.6663796452583626,-0.4013029869403219,0,0,0,0,0,0,0,0,0,0,0,0,0,0,0,0,0,0,2,0,0,2.0,0,0,0
152,-0.5816283106401147,0.6441956392159689,1,1,0,0,0,0,0,0,0,0,0,0,0,0,0,0,0,0,1,0,0,2.0,0,0,1
153,2.0152084660012295,-0.48782367768557205,0,0,0,0,0,0,0,0,0,0,0,0,0,0,0,0,0,0,3,0,0,2.0,0,0,0
154,0.8524457301916725,-0.3631178776169992,0,0,0,0,0,0,0,0,0,2,0,0,0,0,0,0,0,0,3,0,0,2.0,0,0,0
155,-0.11652321631629182,-0.5020826742050406,0,0,0,0,0,0,0,0,0,0,0,0,0,0,0,0,0,0,3,0,0,2.0,0,0,0
156,1.6663796452583626,0.5432554778209294,0,0,0,0,0,0,0,0,0,1,0,0,0,0,0,0,0,0,1,0,0,0.0,0,0,0
157,-1.0467334049639376,-0.4939468291401018,1,0,0,0,0,0,0,0,0,0,0,0,0,0,0,0,0,0,3,0,0,1.0,0,0,1
158,0.03851181512498246,-0.48782367768557205,0,0,0,0,0,0,0,0,0,0,0,0,0,0,0,0,0,0,3,0,0,2.0,0,0,0
159,-0.11652321631629182,-0.4759814602371998,0,0,0,0,0,0,0,0,0,0,0,0,0,0,0,0,0,0,3,0,0,2.0,0,0,0
160,-0.11652321631629182,0.7012316252938433,0,8,0,0,0,0,0,0,0,2,0,0,0,0,0,0,0,0,3,0,0,2.0,0,0,0
161,1.1237570352139026,-0.3321831055069656,0,0,0,0,0,0,0,0,0,1,0,0,0,0,0,0,0,0,3,0,0,2.0,0,0,0
162,0.8136869723313539,-0.3389500869060355,1,0,0,0,0,0,0,0,0,0,0,0,0,0,0,0,0,0,2,0,0,2.0,0,0,1
163,-0.2715582477575661,-0.4931405916419841,0,0,0,0,0,0,0,0,0,0,0,0,0,0,0,0,0,0,3,0,0,2.0,0,0,0
164,-0.9692158892433004,-0.4759814602371998,0,0,0,0,0,0,0,0,0,0,0,0,0,0,0,0,0,0,3,0,0,2.0,0,0,0
165,-2.2094961407734948,0.12386310520891992,0,4,0,0,0,0,0,0,0,1,0,0,0,0,0,0,0,0,3,0,0,2.0,0,0,0
166,-1.5893560150083976,-0.24662912639015405,0,0,0,0,0,0,0,0,0,2,0,0,0,0,0,0,0,0,3,0,0,2.0,0,0,1
167,-0.11652321631629182,0.4199185414182256,1,0,0,0,0,0,0,0,0,1,0,0,0,0,0,0,0,0,1,0,0,2.0,0,0,1
168,1.2012745509345397,-0.10403916119546806,1,1,0,0,0,0,0,0,0,4,0,0,0,0,0,0,0,0,3,0,0,2.0,0,0,0
169,-0.11652321631629182,-0.14222427051879072,0,0,0,0,0,0,0,0,0,0,0,0,0,0,0,0,0,0,1,0,0,2.0,0,0,0
170,-0.11652321631629182,0.4488386864945933,0,0,0,0,0,0,0,0,0,0,0,0,0,0,0,0,0,0,3,0,0,2.0,0,0,0
171,2.4415548024647338,0.004232541189649462,0,0,0,0,0,0,0,0,0,0,0,0,0,0,0,0,0,0,1,0,0,2.0,0,0,0
172,-1.9769435936115833,-0.08035472629872359,0,4,0,0,0,0,0,0,0,1,0,0,0,0,0,0,0,0,3,0,0,1.0,0,0,0
173,-2.2094961407734948,-0.4282104384062805,1,1,0,0,0,0,0,0,0,1,0,0,0,0,0,0,0,0,3,0,0,2.0,0,0,1
174,-0.6591458263607518,-0.4902404567566684,0,0,0,0,0,0,0,0,0,0,0,0,0,0,0,0,0,0,3,0,0,2.0,0,0,0
175,2.053967223861548,-0.049984513779698155,0,0,0,0,0,0,0,0,0,0,0,0,0,0,0,0,0,0,1,0,0,0.0,0,0,0
176,-0.8916983735226632,-0.4916093204225374,0,1,0,0,0,0,0,0,0,1,0,0,0,0,0,0,0,0,3,0,0,2.0,0,0,0
177,-0.11652321631629182,-0.15108514930505848,0,3,0,0,0,0,0,0,0,1,0,0,0,0,0,0,0,0,3,0,0,2.0,0,0,0
178,1.5888621295377254,-0.08833009723334165,1,0,0,0,0,0,0,0,0,0,0,0,0,0,0,0,0,0,1,0,0,0.0,0,0,0
179,0.03851181512498246,-0.3921192264701557,0,0,0,0,0,0,0,0,0,0,0,0,0,0,0,0,0,0,2,0,0,2.0,0,0,0
180,0.5036169094488053,-0.6434642498641785,0,0,0,0,0,0,0,0,0,0,0,0,0,0,0,0,0,0,3,0,0,2.0,0,0,0
181,-0.11652321631629182,0.7012316252938433,1,8,0,0,0,0,0,0,0,2,0,0,0,0,0,0,0,0,3,0,0,2.0,0,0,0
182,-0.11652321631629182,-0.35248404970417513,0,0,0,0,0,0,0,0,0,0,0,0,0,0,0,0,0,0,2,0,0,0.0,0,0,0
183,-1.5893560150083976,-0.036611025111879254,0,4,0,0,0,0,0,0,0,2,0,0,0,0,0,0,0,0,3,0,0,2.0,0,0,0
184,-2.2094961407734948,0.11057082031788987,0,2,0,0,0,0,0,0,0,1,0,0,0,0,0,0,0,0,2,0,0,2.0,0,0,1
185,-1.9769435936115833,-0.21762777753699758,1,0,0,0,0,0,0,0,0,2,0,0,0,0,0,0,0,0,3,0,0,2.0,0,0,1
186,-0.11652321631629182,0.3232473785743707,0,0,0,0,0,0,0,0,0,0,0,0,0,0,0,0,0,0,1,0,0,2.0,0,0,0
187,-0.11652321631629182,-0.3437836450482282,1,1,0,0,0,0,0,0,0,0,0,0,0,0,0,0,0,0,3,0,0,1.0,0,0,1
188,1.2012745509345397,-0.13014037516330884,0,0,0,0,0,0,0,0,0,0,0,0,0,0,0,0,0,0,1,0,0,2.0,0,0,1
189,0.8136869723313539,-0.3437836450482282,0,1,0,0,0,0,0,0,0,1,0,0,0,0,0,0,0,0,3,0,0,1.0,0,0,0
190,0.5036169094488053,-0.4908050163476765,0,0,0,0,0,0,0,0,0,0,0,0,0,0,0,0,0,0,3,0,0,2.0,0,0,0
191,0.19354684656625676,-0.3921192264701557,1,0,0,0,0,0,0,0,0,0,0,0,0,0,0,0,0,0,2,0,0,2.0,0,0,1
192,-0.8141808578020261,-0.3921192264701557,0,0,0,0,0,0,0,0,0,0,0,0,0,0,0,0,0,0,2,0,0,2.0,0,0,0
193,-0.8141808578020261,-0.4916093204225374,1,1,0,0,0,0,0,0,0,0,0,0,0,0,0,0,0,0,3,0,0,2.0,0,0,1
194,-2.0544611093322205,-0.14077420307613292,0,1,0,0,0,0,0,0,0,1,0,0,0,0,0,0,0,0,2,0,0,2.0,0,0,1
195,1.1237570352139026,-0.10750385567179178,1,0,0,0,0,0,0,0,0,0,0,0,0,0,0,0,0,0,1,0,0,0.0,0,0,1
196,2.2090022553028223,2.189402973498201,1,0,0,0,0,0,0,0,0,0,0,0,0,0,0,0,0,0,1,0,0,0.0,0,0,1
197,-0.11652321631629182,-0.49362394745620336,0,0,0,0,0,0,0,0,0,0,0,0,0,0,0,0,0,0,3,0,0,1.0,0,0,0
198,0.9687220037726282,-0.4809754925097134,0,0,0,0,0,0,0,0,0,1,0,0,0,0,0,0,0,0,3,0,0,2.0,0,0,0
199,-0.11652321631629182,-0.49362394745620336,1,0,0,0,0,0,0,0,0,0,0,0,0,0,0,0,0,0,3,0,0,1.0,0,0,1
200,-0.4265932791988404,-0.3921192264701557,1,0,0,0,0,0,0,0,0,0,0,0,0,0,0,0,0,0,2,0,0,2.0,0,0,0
201,-0.11652321631629182,-0.4597890404608541,0,0,0,0,0,0,0,0,0,0,0,0,0,0,0,0,0,0,3,0,0,2.0,0,0,0
202,-0.11652321631629182,0.7012316252938433,0,8,0,0,0,0,0,0,0,2,0,0,0,0,0,0,0,0,3,0,0,2.0,0,0,0
203,0.34858187800753104,-0.5178729419439559,0,0,0,0,0,0,0,0,0,0,0,0,0,0,0,0,0,0,3,0,0,2.0,0,0,0
204,1.2400333087948583,-0.5037744195548081,0,0,0,0,0,0,0,0,0,0,0,0,0,0,0,0,0,0,3,0,0,0.0,0,0,0
205,-0.8916983735226632,-0.48782367768557205,0,0,0,0,0,0,0,0,0,0,0,0,0,0,0,0,0,0,3,0,0,2.0,0,0,1
206,-2.1319786250528576,-0.44117984161341206,1,0,0,0,0,0,0,0,0,1,0,0,0,0,0,0,0,0,3,0,0,2.0,0,0,0
207,0.19354684656625676,-0.33701666364915833,0,1,0,0,0,0,0,0,0,0,0,0,0,0,0,0,0,0,3,0,0,2.0,0,0,0
208,-0.2715582477575661,-0.2802223554783936,0,0,0,0,0,0,0,0,0,0,0,0,0,0,0,0,0,0,3,0,0,0.0,0,0,1
209,-1.0467334049639376,-0.49362394745620336,1,0,0,0,0,0,0,0,0,0,0,0,0,0,0,0,0,0,3,0,0,1.0,0,0,1
210,0.8136869723313539,-0.04410304023227799,0,0,0,0,0,0,0,0,0,0,0,0,0,0,0,0,0,0,1,0,0,0.0,0,0,1
211,-0.4265932791988404,-0.507157910254343,0,0,0,0,0,0,0,0,0,0,0,0,0,0,0,0,0,0,3,0,0,2.0,0,0,0
212,0.4260993937281682,-0.23744536591998783,1,0,0,0,0,0,0,0,0,0,0,0,0,0,0,0,0,0,2,0,0,2.0,0,0,1
213,-0.5816283106401147,-0.5032910637405889,0,0,0,0,0,0,0,0,0,0,0,0,0,0,0,0,0,0,3,0,0,2.0,0,0,0
214,0.03851181512498246,-0.3921192264701557,0,0,0,0,0,0,0,0,0,0,0,0,0,0,0,0,0,0,2,0,0,2.0,0,0,0
215,-0.11652321631629182,-0.49362394745620336,0,1,0,0,0,0,0,0,0,0,0,0,0,0,0,0,0,0,3,0,0,1.0,0,0,0
216,0.1160293308456196,1.5466209443633547,1,1,0,0,0,0,0,0,0,0,0,0,0,0,0,0,0,0,1,0,0,0.0,0,0,1
217,-0.19404073203692898,-0.4902404567566684,1,0,0,0,0,0,0,0,0,0,0,0,0,0,0,0,0,0,3,0,0,2.0,0,0,1
218,0.9687220037726282,-0.12143997050736192,0,1,0,0,0,0,0,0,0,0,0,0,0,0,0,0,0,0,2,0,0,2.0,0,0,0
219,0.19354684656625676,0.8315772210027268,1,0,0,0,0,0,0,0,0,0,0,0,0,0,0,0,0,0,1,0,0,0.0,0,0,1
220,0.03851181512498246,-0.44045480789208313,0,0,0,0,0,0,0,0,0,0,0,0,0,0,0,0,0,0,2,0,0,2.0,0,0,0
221,-1.0467334049639376,-0.48782367768557205,0,0,0,0,0,0,0,0,0,0,0,0,0,0,0,0,0,0,3,0,0,2.0,0,0,1
222,-0.19404073203692898,-0.3921192264701557,0,0,0,0,0,0,0,0,0,0,0,0,0,0,0,0,0,0,2,0,0,2.0,0,0,0
223,1.6663796452583626,-0.48782367768557205,0,0,0,0,0,0,0,0,0,0,0,0,0,0,0,0,0,0,3,0,0,2.0,0,0,0
224,-0.11652321631629182,-0.4908050163476765,0,0,0,0,0,0,0,0,0,0,0,0,0,0,0,0,0,0,3,0,0,2.0,0,0,0
225,0.6586519408900796,1.09661668132521,0,1,0,0,0,0,0,0,0,0,0,0,0,0,0,0,0,0,1,0,0,2.0,0,0,1
226,-0.5816283106401147,-0.46268917534616977,0,0,0,0,0,0,0,0,0,0,0,0,0,0,0,0,0,0,3,0,0,2.0,0,0,0
227,-0.8141808578020261,-0.44045480789208313,0,0,0,0,0,0,0,0,0,0,0,0,0,0,0,0,0,0,2,0,0,2.0,0,0,1
228,-0.6979045842210704,-0.5032910637405889,0,0,0,0,0,0,0,0,0,0,0,0,0,0,0,0,0,0,3,0,0,2.0,0,0,0
229,-0.8916983735226632,-0.3921192264701557,0,0,0,0,0,0,0,0,0,0,0,0,0,0,0,0,0,0,2,0,0,2.0,0,0,0
230,-0.11652321631629182,-0.15108514930505848,1,3,0,0,0,0,0,0,0,1,0,0,0,0,0,0,0,0,3,0,0,2.0,0,0,0
231,0.4260993937281682,0.9704608138139792,1,1,0,0,0,0,0,0,0,0,0,0,0,0,0,0,0,0,1,0,0,2.0,0,0,1
232,-0.03900570059565468,-0.4931405916419841,0,0,0,0,0,0,0,0,0,0,0,0,0,0,0,0,0,0,3,0,0,2.0,0,0,0
233,2.2865197710234595,-0.3824521101857702,0,0,0,0,0,0,0,0,0,0,0,0,0,0,0,0,0,0,2,0,0,2.0,0,0,0
234,-1.8994260778909462,-0.036611025111879254,1,4,0,0,0,0,0,0,0,2,0,0,0,0,0,0,0,0,3,0,0,2.0,0,0,1
235,-0.4265932791988404,-0.44045480789208313,0,0,0,0,0,0,0,0,0,0,0,0,0,0,0,0,0,0,2,0,0,2.0,0,0,0
236,-0.11652321631629182,-0.49749079396995755,1,0,0,0,0,0,0,0,0,0,0,0,0,0,0,0,0,0,3,0,0,2.0,0,0,0
237,1.1237570352139026,-0.14077420307613292,0,1,0,0,0,0,0,0,0,0,0,0,0,0,0,0,0,0,2,0,0,2.0,0,0,0
238,-1.6668735307290348,-0.13594064493394017,1,0,0,0,0,0,0,0,0,2,0,0,0,0,0,0,0,0,2,0,0,2.0,0,0,1
239,-0.8141808578020261,-0.44045480789208313,0,0,0,0,0,0,0,0,0,0,0,0,0,0,0,0,0,0,2,0,0,2.0,0,0,0
240,0.2710643622868939,-0.4061365450825147,0,0,0,0,0,0,0,0,0,0,0,0,0,0,0,0,0,0,2,0,0,2.0,0,0,0
241,-0.11652321631629182,-0.3640033854686489,1,1,0,0,0,0,0,0,0,0,0,0,0,0,0,0,0,0,3,0,0,0.0,0,0,0
242,-0.11652321631629182,-0.3437836450482282,1,1,0,0,0,0,0,0,0,0,0,0,0,0,0,0,0,0,3,0,0,1.0,0,0,1
243,-0.03900570059565468,-0.44045480789208313,0,0,0,0,0,0,0,0,0,0,0,0,0,0,0,0,0,0,2,0,0,2.0,0,0,0
244,-0.5816283106401147,-0.5057078428116852,0,0,0,0,0,0,0,0,0,0,0,0,0,0,0,0,0,0,3,0,0,2.0,0,0,0
245,0.03851181512498246,-0.5037744195548081,0,0,0,0,0,0,0,0,0,0,0,0,0,0,0,0,0,0,3,0,0,0.0,0,0,0
246,1.1237570352139026,1.09661668132521,0,2,0,0,0,0,0,0,0,0,0,0,0,0,0,0,0,0,1,0,0,1.0,0,0,0
247,-0.34907576347820324,-0.4931405916419841,1,0,0,0,0,0,0,0,0,0,0,0,0,0,0,0,0,0,3,0,0,2.0,0,0,0
248,-0.4265932791988404,-0.3631178776169992,1,0,0,0,0,0,0,0,0,2,0,0,0,0,0,0,0,0,2,0,0,2.0,0,0,1
249,0.5811344251694425,0.37263087540152556,0,1,0,0,0,0,0,0,0,1,0,0,0,0,0,0,0,0,1,0,0,2.0,0,0,1
250,1.898932192420274,-0.14077420307613292,0,1,0,0,0,0,0,0,0,0,0,0,0,0,0,0,0,0,2,0,0,2.0,0,0,0
251,-0.11652321631629182,-0.5032910637405889,0,0,0,0,0,0,0,0,0,0,0,0,0,0,0,0,0,0,3,0,0,2.0,0,0,0
252,-0.03900570059565468,-0.44117984161341206,1,1,0,0,0,0,0,0,0,1,0,0,0,0,0,0,0,0,3,0,0,2.0,0,0,0
253,2.519072318185371,-0.13014037516330884,0,0,0,0,0,0,0,0,0,0,0,0,0,0,0,0,0,0,1,0,0,2.0,0,0,0
254,0.03851181512498246,-0.3321831055069656,0,1,0,0,0,0,0,0,0,0,0,0,0,0,0,0,0,0,3,0,0,2.0,0,0,0
255,0.891204488051991,-0.252671074067895,1,0,0,0,0,0,0,0,0,2,0,0,0,0,0,0,0,0,3,0,0,2.0,0,0,0
256,-0.03900570059565468,-0.34869840696720983,1,0,0,0,0,0,0,0,0,2,0,0,0,0,0,0,0,0,3,0,0,0.0,0,0,1
257,-0.11652321631629182,0.8878069695824834,1,0,0,0,0,0,0,0,0,0,0,0,0,0,0,0,0,0,1,0,0,0.0,0,0,1
258,0.03851181512498246,1.0289468673345115,1,0,0,0,0,0,0,0,0,0,0,0,0,0,0,0,0,0,1,0,0,2.0,0,0,1
259,0.4260993937281682,9.262027654708204,1,0,0,0,0,0,0,0,0,0,0,0,0,0,0,0,0,0,1,0,0,0.0,0,0,1
260,1.5888621295377254,-0.14077420307613292,1,0,0,0,0,0,0,0,0,1,0,0,0,0,0,0,0,0,2,0,0,2.0,0,0,1
261,-0.11652321631629182,-0.49362394745620336,0,0,0,0,0,0,0,0,0,0,0,0,0,0,0,0,0,0,3,0,0,1.0,0,0,0
262,-2.0544611093322205,-0.036611025111879254,0,4,0,0,0,0,0,0,0,2,0,0,0,0,0,0,0,0,3,0,0,2.0,0,0,1
263,1.7438971609789997,0.8965073742384304,0,1,0,0,0,0,0,0,0,1,0,0,0,0,0,0,0,0,1,0,0,2.0,0,0,0
264,0.8136869723313539,-0.6434642498641785,0,0,0,0,0,0,0,0,0,0,0,0,0,0,0,0,0,0,1,0,0,2.0,0,0,0
265,-0.11652321631629182,-0.49362394745620336,1,0,0,0,0,0,0,0,0,0,0,0,0,0,0,0,0,0,3,0,0,1.0,0,0,0
266,0.5036169094488053,-0.44045480789208313,0,0,0,0,0,0,0,0,0,0,0,0,0,0,0,0,0,0,2,0,0,2.0,0,0,0
267,-1.0467334049639376,0.12386310520891992,0,4,0,0,0,0,0,0,0,1,0,0,0,0,0,0,0,0,3,0,0,2.0,0,0,0
268,-0.34907576347820324,-0.4931405916419841,0,1,0,0,0,0,0,0,0,0,0,0,0,0,0,0,0,0,3,0,0,2.0,0,0,1
269,2.2090022553028223,2.3236154157208384,1,0,0,0,0,0,0,0,0,1,0,0,0,0,0,0,0,0,1,0,0,2.0,0,0,1
270,0.4260993937281682,1.9789015164057067,1,0,0,0,0,0,0,0,0,0,0,0,0,0,0,0,0,0,1,0,0,2.0,0,0,1
271,-0.11652321631629182,-0.04410304023227799,0,0,0,0,0,0,0,0,0,0,0,0,0,0,0,0,0,0,1,0,0,2.0,0,0,0
272,-0.34907576347820324,-0.6434642498641785,0,0,0,0,0,0,0,0,0,0,0,0,0,0,0,0,0,0,3,0,0,2.0,0,0,1
273,0.891204488051991,-0.2664467147731443,1,0,0,0,0,0,0,0,0,1,0,0,0,0,0,0,0,0,2,0,0,2.0,0,0,1
274,0.5811344251694425,-0.06923754257168029,0,0,0,0,0,0,0,0,0,1,0,0,0,0,0,0,0,0,1,0,0,0.0,0,0,0
275,-0.11652321631629182,-0.49362394745620336,1,0,0,0,0,0,0,0,0,0,0,0,0,0,0,0,0,0,3,0,0,1.0,0,0,1
276,2.596589833906008,0.8637996530018404,1,1,0,0,0,0,0,0,0,0,0,0,0,0,0,0,0,0,1,0,0,2.0,0,0,1
277,1.2012745509345397,-0.49362394745620336,1,0,0,0,0,0,0,0,0,0,0,0,0,0,0,0,0,0,3,0,0,2.0,0,0,0
278,-0.11652321631629182,-0.6434642498641785,0,0,0,0,0,0,0,0,0,0,0,0,0,0,0,0,0,0,2,0,0,2.0,0,0,0
279,-1.744391046449672,-0.08035472629872359,0,4,0,0,0,0,0,0,0,1,0,0,0,0,0,0,0,0,3,0,0,1.0,0,0,0
280,0.4260993937281682,-0.25194604034656604,1,1,0,0,0,0,0,0,0,1,0,0,0,0,0,0,0,0,3,0,0,2.0,0,0,1
281,2.7516248653472823,-0.49362394745620336,0,0,0,0,0,0,0,0,0,0,0,0,0,0,0,0,0,0,3,0,0,1.0,0,0,0
282,-0.11652321631629182,-0.4916093204225374,0,0,0,0,0,0,0,0,0,0,0,0,0,0,0,0,0,0,3,0,0,2.0,0,0,0
283,-1.0467334049639376,-0.4597890404608541,0,0,0,0,0,0,0,0,0,0,0,0,0,0,0,0,0,0,3,0,0,2.0,0,0,0
284,-0.8141808578020261,-0.48782367768557205,0,0,0,0,0,0,0,0,0,0,0,0,0,0,0,0,0,0,3,0,0,2.0,0,0,1
285,-0.11652321631629182,-0.14077420307613292,0,0,0,0,0,0,0,0,0,0,0,0,0,0,0,0,0,0,1,0,0,2.0,0,0,0
286,0.2710643622868939,-0.4759814602371998,0,0,0,0,0,0,0,0,0,0,0,0,0,0,0,0,0,0,3,0,0,0.0,0,0,0
287,0.03851181512498246,-0.4597890404608541,0,0,0,0,0,0,0,0,0,0,0,0,0,0,0,0,0,0,3,0,0,2.0,0,0,1
288,-0.5816283106401147,-0.4908050163476765,0,0,0,0,0,0,0,0,0,0,0,0,0,0,0,0,0,0,3,0,0,2.0,0,0,0
289,0.9687220037726282,-0.3921192264701557,0,0,0,0,0,0,0,0,0,0,0,0,0,0,0,0,0,0,2,0,0,2.0,0,0,1
290,-0.5816283106401147,-0.49362394745620336,1,0,0,0,0,0,0,0,0,0,0,0,0,0,0,0,0,0,3,0,0,1.0,0,0,1
291,-0.2715582477575661,0.8810399881834134,1,0,0,0,0,0,0,0,0,0,0,0,0,0,0,0,0,0,1,0,0,2.0,0,0,1
292,-0.8141808578020261,1.1174821851134276,1,1,0,0,0,0,0,0,0,0,0,0,0,0,0,0,0,0,1,0,0,0.0,0,0,1
293,0.5036169094488053,-0.39453600554125207,0,0,0,0,0,0,0,0,0,0,0,0,0,0,0,0,0,0,2,0,0,0.0,0,0,0
294,-0.4265932791988404,-0.47235629163055526,1,0,0,0,0,0,0,0,0,0,0,0,0,0,0,0,0,0,3,0,0,2.0,0,0,0
295,-0.4265932791988404,-0.4908050163476765,0,0,0,0,0,0,0,0,0,0,0,0,0,0,0,0,0,0,3,0,0,2.0,0,0,0
296,-0.11652321631629182,-0.10750385567179178,0,0,0,0,0,0,0,0,0,0,0,0,0,0,0,0,0,0,1,0,0,0.0,0,0,0
297,-0.465352037059159,-0.5036932157780193,0,0,0,0,0,0,0,0,0,0,0,0,0,0,0,0,0,0,3,0,0,0.0,0,0,0
298,-2.1319786250528576,2.286638695933064,1,1,0,0,0,0,0,0,0,2,0,0,0,0,0,0,0,0,1,0,0,2.0,0,0,0
299,-0.11652321631629182,-0.05377015651666348,0,0,0,0,0,0,0,0,0,0,0,0,0,0,0,0,0,0,1,0,0,2.0,0,0,1
300,1.5888621295377254,4.14216046294407,1,0,0,0,0,0,0,0,0,1,0,0,0,0,0,0,0,0,1,0,0,0.0,0,0,1
301,-0.11652321631629182,-0.49362394745620336,1,0,0,0,0,0,0,0,0,0,0,0,0,0,0,0,0,0,3,0,0,1.0,0,0,1
302,-0.11652321631629182,-0.19394334264025312,0,2,0,0,0,0,0,0,0,0,0,0,0,0,0,0,0,0,3,0,0,1.0,0,0,1
303,-0.8141808578020261,-0.6434642498641785,0,0,0,0,0,0,0,0,0,0,0,0,0,0,0,0,0,0,3,0,0,2.0,0,0,0
304,-0.11652321631629182,-0.40468647763985677,1,0,0,0,0,0,0,0,0,0,0,0,0,0,0,0,0,0,2,0,0,1.0,0,0,1
305,-0.11652321631629182,-0.48782367768557205,0,0,0,0,0,0,0,0,0,0,0,0,0,0,0,0,0,0,3,0,0,2.0,0,0,0
306,-2.2156975420311458,2.286638695933064,0,1,0,0,0,0,0,0,0,2,0,0,0,0,0,0,0,0,1,0,0,2.0,0,0,1
307,-0.11652321631629182,1.5003792603286252,1,0,0,0,0,0,0,0,0,0,0,0,0,0,0,0,0,0,1,0,0,0.0,0,0,1
308,-0.9692158892433004,1.4620336768749818,1,1,0,0,0,0,0,0,0,0,0,0,0,0,0,0,0,0,1,0,0,0.0,0,0,1
309,0.03851181512498246,-0.17944266821367488,0,1,0,0,0,0,0,0,0,0,0,0,0,0,0,0,0,0,2,0,0,0.0,0,0,0
310,0.03851181512498246,0.4572181428898986,1,0,0,0,0,0,0,0,0,0,0,0,0,0,0,0,0,0,1,0,0,0.0,0,0,1
311,-0.4265932791988404,0.9643376623594495,1,0,0,0,0,0,0,0,0,0,0,0,0,0,0,0,0,0,1,0,0,0.0,0,0,1
312,-0.8916983735226632,4.429355020367108,1,2,0,0,0,0,0,0,0,2,0,0,0,0,0,0,0,0,1,0,0,0.0,0,0,1
313,-0.2715582477575661,-0.14077420307613292,1,1,0,0,0,0,0,0,0,1,0,0,0,0,0,0,0,0,2,0,0,2.0,0,0,0
314,-0.11652321631629182,-0.4908050163476765,0,0,0,0,0,0,0,0,0,0,0,0,0,0,0,0,0,0,3,0,0,2.0,0,0,0
315,1.0462395194932654,-0.13594064493394017,0,1,0,0,0,0,0,0,0,1,0,0,0,0,0,0,0,0,2,0,0,2.0,0,0,0
316,-0.2715582477575661,-0.4916093204225374,1,0,0,0,0,0,0,0,0,0,0,0,0,0,0,0,0,0,3,0,0,2.0,0,0,1
317,-0.4265932791988404,-0.14077420307613292,1,1,0,0,0,0,0,0,0,0,0,0,0,0,0,0,0,0,2,0,0,2.0,0,0,1
318,1.898932192420274,-0.3727849939013847,0,0,0,0,0,0,0,0,0,0,0,0,0,0,0,0,0,0,2,0,0,2.0,0,0,0
319,0.1160293308456196,2.544106870781617,1,0,0,0,0,0,0,0,0,2,0,0,0,0,0,0,0,0,1,0,0,2.0,0,0,1
320,0.8136869723313539,1.9569900306355188,1,1,0,0,0,0,0,0,0,1,0,0,0,0,0,0,0,0,1,0,0,0.0,0,0,1
321,-0.5816283106401147,-0.5032910637405889,0,0,0,0,0,0,0,0,0,0,0,0,0,0,0,0,0,0,3,0,0,2.0,0,0,0
322,-0.19404073203692898,-0.4908050163476765,0,0,0,0,0,0,0,0,0,0,0,0,0,0,0,0,0,0,3,0,0,2.0,0,0,0
323,0.03851181512498246,-0.40468647763985677,1,0,0,0,0,0,0,0,0,0,0,0,0,0,0,0,0,0,2,0,0,1.0,0,0,1
324,-0.5816283106401147,-0.08277150536981996,1,1,0,0,0,0,0,0,0,1,0,0,0,0,0,0,0,0,2,0,0,2.0,0,0,1
325,-0.11652321631629182,0.7012316252938433,0,8,0,0,0,0,0,0,0,2,0,0,0,0,0,0,0,0,3,0,0,2.0,0,0,0
326,0.5036169094488053,1.9789015164057067,1,0,0,0,0,0,0,0,0,0,0,0,0,0,0,0,0,0,1,0,0,0.0,0,0,1
327,2.4415548024647338,-0.5228669742164694,0,0,0,0,0,0,0,0,0,0,0,0,0,0,0,0,0,0,3,0,0,2.0,0,0,0
328,0.5036169094488053,-0.3921192264701557,1,0,0,0,0,0,0,0,0,0,0,0,0,0,0,0,0,0,2,0,0,2.0,0,0,1
329,0.1160293308456196,-0.24662912639015405,1,1,0,0,0,0,0,0,0,1,0,0,0,0,0,0,0,0,3,0,0,2.0,0,0,1
330,-1.0467334049639376,0.47751908708710805,1,0,0,0,0,0,0,0,0,1,0,0,0,0,0,0,0,0,1,0,0,0.0,0,0,1
331,-0.11652321631629182,-0.19394334264025312,1,2,0,0,0,0,0,0,0,0,0,0,0,0,0,0,0,0,3,0,0,1.0,0,0,1
332,1.2400333087948583,-0.09243862165420545,0,0,0,0,0,0,0,0,0,0,0,0,0,0,0,0,0,0,1,0,0,2.0,0,0,0
333,0.6586519408900796,2.3236154157208384,0,0,0,0,0,0,0,0,0,1,0,0,0,0,0,0,0,0,1,0,0,2.0,0,0,0
334,-1.0467334049639376,-0.29544806362630077,0,2,0,0,0,0,0,0,0,0,0,0,0,0,0,0,0,0,3,0,0,2.0,0,0,0
335,-0.11652321631629182,1.9405559329520634,1,1,0,0,0,0,0,0,0,0,0,0,0,0,0,0,0,0,1,0,0,2.0,0,0,1
336,-0.11652321631629182,-0.4908050163476765,0,0,0,0,0,0,0,0,0,0,0,0,0,0,0,0,0,0,3,0,0,2.0,0,0,0
337,-0.03900570059565468,0.6441956392159689,0,1,0,0,0,0,0,0,0,0,0,0,0,0,0,0,0,0,1,0,0,2.0,0,0,0
338,0.891204488051991,1.9569900306355188,1,0,0,0,0,0,0,0,0,0,0,0,0,0,0,0,0,0,1,0,0,0.0,0,0,1
339,1.2012745509345397,-0.48782367768557205,0,0,0,0,0,0,0,0,0,0,0,0,0,0,0,0,0,0,3,0,0,2.0,0,0,1
340,1.2012745509345397,0.042901006327191425,0,0,0,0,0,0,0,0,0,0,0,0,0,0,0,0,0,0,1,0,0,2.0,0,0,0
341,-2.1319786250528576,-0.14077420307613292,0,1,0,0,0,0,0,0,0,1,0,0,0,0,0,0,0,0,2,0,0,2.0,0,0,1
342,-0.4265932791988404,4.44143891572259,1,3,0,0,0,0,0,0,0,2,0,0,0,0,0,0,0,0,1,0,0,2.0,0,0,1
343,-0.11652321631629182,-0.3921192264701557,0,0,0,0,0,0,0,0,0,0,0,0,0,0,0,0,0,0,2,0,0,2.0,0,0,0
344,-0.34907576347820324,-0.3921192264701557,0,0,0,0,0,0,0,0,0,0,0,0,0,0,0,0,0,0,2,0,0,2.0,0,0,0
345,0.5036169094488053,-0.3921192264701557,0,0,0,0,0,0,0,0,0,0,0,0,0,0,0,0,0,0,2,0,0,2.0,0,0,0
346,-0.4265932791988404,-0.3921192264701557,1,0,0,0,0,0,0,0,0,0,0,0,0,0,0,0,0,0,2,0,0,2.0,0,0,1
347,0.8136869723313539,-0.3921192264701557,1,0,0,0,0,0,0,0,0,0,0,0,0,0,0,0,0,0,2,0,0,2.0,0,0,1
348,-0.11652321631629182,-0.3321831055069656,1,1,0,0,0,0,0,0,0,0,0,0,0,0,0,0,0,0,3,0,0,2.0,0,0,1
349,-2.0544611093322205,-0.33604995202071986,0,1,0,0,0,0,0,0,0,1,0,0,0,0,0,0,0,0,3,0,0,2.0,0,0,1
350,0.9687220037726282,-0.4759814602371998,0,0,0,0,0,0,0,0,0,0,0,0,0,0,0,0,0,0,3,0,0,2.0,0,0,0
351,-0.5041107949194775,-0.4651059544172661,0,0,0,0,0,0,0,0,0,0,0,0,0,0,0,0,0,0,3,0,0,2.0,0,0,0
352,-0.11652321631629182,0.033233890042805934,0,0,0,0,0,0,0,0,0,0,0,0,0,0,0,0,0,0,1,0,0,2.0,0,0,0
353,-1.1242509206845748,-0.5036932157780193,0,1,0,0,0,0,0,0,0,1,0,0,0,0,0,0,0,0,3,0,0,0.0,0,0,0
354,-0.34907576347820324,-0.29931491014005496,0,1,0,0,0,0,0,0,0,0,0,0,0,0,0,0,0,0,3,0,0,2.0,0,0,0
355,-0.11652321631629182,-0.5037744195548081,0,0,0,0,0,0,0,0,0,0,0,0,0,0,0,0,0,0,3,0,0,0.0,0,0,0
356,-0.11652321631629182,-0.4597890404608541,0,0,0,0,0,0,0,0,0,0,0,0,0,0,0,0,0,0,3,0,0,2.0,0,0,0
357,-0.5816283106401147,0.4199185414182256,1,0,0,0,0,0,0,0,0,1,0,0,0,0,0,0,0,0,1,0,0,2.0,0,0,1
358,0.6586519408900796,-0.3921192264701557,1,0,0,0,0,0,0,0,0,0,0,0,0,0,0,0,0,0,2,0,0,2.0,0,0,0
359,-0.11652321631629182,-0.4911259646083181,1,0,0,0,0,0,0,0,0,0,0,0,0,0,0,0,0,0,3,0,0,1.0,0,0,1
360,-0.11652321631629182,-0.4911259646083181,1,0,0,0,0,0,0,0,0,0,0,0,0,0,0,0,0,0,3,0,0,1.0,0,0,1
361,0.8136869723313539,-0.10403916119546806,0,1,0,0,0,0,0,0,0,4,0,0,0,0,0,0,0,0,3,0,0,2.0,0,0,0
362,-0.03900570059565468,-0.10750385567179178,0,1,0,0,0,0,0,0,0,0,0,0,0,0,0,0,0,0,2,0,0,0.0,0,0,0
363,1.2012745509345397,-0.3640033854686489,1,0,0,0,0,0,0,0,0,1,0,0,0,0,0,0,0,0,3,0,0,0.0,0,0,0
364,0.4260993937281682,-0.507157910254343,0,0,0,0,0,0,0,0,0,0,0,0,0,0,0,0,0,0,3,0,0,2.0,0,0,0
365,-0.11652321631629182,-0.3437836450482282,0,1,0,0,0,0,0,0,0,0,0,0,0,0,0,0,0,0,3,0,0,1.0,0,0,0
366,0.03851181512498246,-0.5032910637405889,0,0,0,0,0,0,0,0,0,0,0,0,0,0,0,0,0,0,3,0,0,2.0,0,0,0
367,2.3640372867440966,0.811436750935838,1,1,0,0,0,0,0,0,0,0,0,0,0,0,0,0,0,0,1,0,0,0.0,0,0,1
368,-0.11652321631629182,-0.5036932157780193,1,0,0,0,0,0,0,0,0,0,0,0,0,0,0,0,0,0,3,0,0,0.0,0,0,1
369,-0.11652321631629182,-0.49362394745620336,1,0,0,0,0,0,0,0,0,0,0,0,0,0,0,0,0,0,3,0,0,1.0,0,0,1
370,-0.4265932791988404,0.6963980671516505,1,0,0,0,0,0,0,0,0,0,0,0,0,0,0,0,0,0,1,0,0,0.0,0,0,1
371,-0.34907576347820324,0.42845847194385167,0,1,0,0,0,0,0,0,0,0,0,0,0,0,0,0,0,0,1,0,0,0.0,0,0,1
372,-0.8916983735226632,-0.5178729419439559,0,1,0,0,0,0,0,0,0,0,0,0,0,0,0,0,0,0,3,0,0,2.0,0,0,0
373,-0.8141808578020261,-0.48782367768557205,0,0,0,0,0,0,0,0,0,0,0,0,0,0,0,0,0,0,3,0,0,2.0,0,0,0
374,-0.5816283106401147,1.9789015164057067,0,0,0,0,0,0,0,0,0,0,0,0,0,0,0,0,0,0,1,0,0,0.0,0,0,0
375,-2.0544611093322205,-0.23599529847733,1,3,0,0,0,0,0,0,0,1,0,0,0,0,0,0,0,0,3,0,0,2.0,0,0,0
376,-0.11652321631629182,0.9452451076977882,1,1,0,0,0,0,0,0,0,0,0,0,0,0,0,0,0,0,1,0,0,0.0,0,0,1
377,-0.5816283106401147,-0.5032910637405889,1,0,0,0,0,0,0,0,0,0,0,0,0,0,0,0,0,0,3,0,0,2.0,0,0,1
378,-0.19404073203692898,3.4457259384308845,0,0,0,0,0,0,0,0,0,2,0,0,0,0,0,0,0,0,1,0,0,0.0,0,0,0
379,-0.736663342081389,-0.5658856416819849,0,0,0,0,0,0,0,0,0,0,0,0,0,0,0,0,0,0,3,0,0,0.0,0,0,0
380,-0.8141808578020261,-0.4931405916419841,0,0,0,0,0,0,0,0,0,0,0,0,0,0,0,0,0,0,3,0,0,2.0,0,0,0
381,0.9687220037726282,3.7555570153454396,1,0,0,0,0,0,0,0,0,0,0,0,0,0,0,0,0,0,1,0,0,0.0,0,0,1
382,-2.2094961407734948,-0.33911056103635623,1,0,0,0,0,0,0,0,0,2,0,0,0,0,0,0,0,0,3,0,0,0.0,0,0,1
383,0.19354684656625676,-0.4902404567566684,0,0,0,0,0,0,0,0,0,0,0,0,0,0,0,0,0,0,3,0,0,2.0,0,0,0
384,0.4260993937281682,0.36191584371191265,1,1,0,0,0,0,0,0,0,0,0,0,0,0,0,0,0,0,1,0,0,2.0,0,0,1
385,-0.11652321631629182,-0.4908050163476765,0,0,0,0,0,0,0,0,0,0,0,0,0,0,0,0,0,0,3,0,0,2.0,0,0,0
386,-0.8916983735226632,0.7776018439404888,0,0,0,0,0,0,0,0,0,0,0,0,0,0,0,0,0,0,2,0,0,2.0,0,0,0
387,-2.2094961407734948,0.2633112576111806,0,5,0,0,0,0,0,0,0,2,0,0,0,0,0,0,0,0,3,0,0,2.0,0,0,0
388,0.5036169094488053,-0.3921192264701557,1,0,0,0,0,0,0,0,0,0,0,0,0,0,0,0,0,0,2,0,0,2.0,0,0,1
389,-0.11652321631629182,-0.4940260994936338,0,0,0,0,0,0,0,0,0,0,0,0,0,0,0,0,0,0,3,0,0,1.0,0,0,0
390,-0.9692158892433004,-0.41145345903892666,1,0,0,0,0,0,0,0,0,0,0,0,0,0,0,0,0,0,2,0,0,0.0,0,0,1
391,0.5036169094488053,1.6766436583883395,0,1,0,0,0,0,0,0,0,2,0,0,0,0,0,0,0,0,1,0,0,2.0,0,0,1
392,-0.6591458263607518,-0.49273843960455366,0,0,0,0,0,0,0,0,0,0,0,0,0,0,0,0,0,0,3,0,0,2.0,0,0,1
393,-0.11652321631629182,-0.4902404567566684,0,2,0,0,0,0,0,0,0,0,0,0,0,0,0,0,0,0,3,0,0,2.0,0,0,0
394,-0.5041107949194775,1.5466209443633547,1,1,0,0,0,0,0,0,0,0,0,0,0,0,0,0,0,0,1,0,0,0.0,0,0,1
395,-0.4265932791988404,-0.32058256596570306,1,0,0,0,0,0,0,0,0,2,0,0,0,0,0,0,0,0,3,0,0,2.0,0,0,1
396,-0.5816283106401147,-0.49273843960455366,0,0,0,0,0,0,0,0,0,0,0,0,0,0,0,0,0,0,3,0,0,2.0,0,0,0
397,0.1160293308456196,-0.4916093204225374,1,0,0,0,0,0,0,0,0,0,0,0,0,0,0,0,0,0,3,0,0,2.0,0,0,0
398,1.2787920666551769,-0.14077420307613292,0,0,0,0,0,0,0,0,0,0,0,0,0,0,0,0,0,0,2,0,0,2.0,0,0,0
399,-0.5041107949194775,-0.44045480789208313,0,0,0,0,0,0,0,0,0,0,0,0,0,0,0,0,0,0,2,0,0,2.0,0,0,0
400,-0.11652321631629182,-0.3988862078692256,1,0,0,0,0,0,0,0,0,0,0,0,0,0,0,0,0,0,2,0,0,2.0,0,0,1
401,0.7361694566107168,-0.4902404567566684,0,0,0,0,0,0,0,0,0,0,0,0,0,0,0,0,0,0,3,0,0,2.0,0,0,1
402,-0.2715582477575661,-0.48782367768557205,0,0,0,0,0,0,0,0,0,0,0,0,0,0,0,0,0,0,3,0,0,2.0,0,0,0
403,-0.6591458263607518,-0.45350541487600354,1,1,0,0,0,0,0,0,0,0,0,0,0,0,0,0,0,0,3,0,0,2.0,0,0,0
404,-0.11652321631629182,-0.33701666364915833,0,1,0,0,0,0,0,0,0,0,0,0,0,0,0,0,0,0,3,0,0,2.0,0,0,0
405,-0.736663342081389,-0.4759814602371998,1,0,0,0,0,0,0,0,0,0,0,0,0,0,0,0,0,0,3,0,0,2.0,0,0,0
406,0.34858187800753104,-0.23744536591998783,0,1,0,0,0,0,0,0,0,0,0,0,0,0,0,0,0,0,2,0,0,2.0,0,0,0
407,1.6663796452583626,-0.49362394745620336,0,0,0,0,0,0,0,0,0,0,0,0,0,0,0,0,0,0,3,0,0,2.0,0,0,0
408,-2.0544611093322205,-0.2809473891997225,0,1,0,0,0,0,0,0,0,1,0,0,0,0,0,0,0,0,2,0,0,2.0,0,0,1
409,-0.6591458263607518,-0.4931405916419841,0,0,0,0,0,0,0,0,0,0,0,0,0,0,0,0,0,0,3,0,0,2.0,0,0,0
410,-0.11652321631629182,-0.15108514930505848,1,3,0,0,0,0,0,0,0,1,0,0,0,0,0,0,0,0,3,0,0,2.0,0,0,0
411,-0.11652321631629182,-0.4908050163476765,0,0,0,0,0,0,0,0,0,0,0,0,0,0,0,0,0,0,3,0,0,2.0,0,0,0
412,-0.11652321631629182,-0.5108642826377764,0,0,0,0,0,0,0,0,0,0,0,0,0,0,0,0,0,0,3,0,0,1.0,0,0,0
413,0.2710643622868939,1.09661668132521,1,1,0,0,0,0,0,0,0,0,0,0,0,0,0,0,0,0,1,0,0,1.0,0,0,1
414,-0.11652321631629182,-0.6434642498641785,0,0,0,0,0,0,0,0,0,0,0,0,0,0,0,0,0,0,2,0,0,2.0,0,0,0
415,1.1237570352139026,-0.4902404567566684,0,0,0,0,0,0,0,0,0,0,0,0,0,0,0,0,0,0,3,0,0,2.0,0,0,1
416,-0.11652321631629182,-0.48782367768557205,1,0,0,0,0,0,0,0,0,0,0,0,0,0,0,0,0,0,3,0,0,2.0,0,0,0
417,0.34858187800753104,-0.015101691379121521,1,1,0,0,0,0,0,0,0,1,0,0,0,0,0,0,0,0,2,0,0,2.0,0,0,1
418,-0.8916983735226632,-0.3921192264701557,1,0,0,0,0,0,0,0,0,2,0,0,0,0,0,0,0,0,2,0,0,2.0,0,0,1
419,0.03851181512498246,-0.3921192264701557,0,0,0,0,0,0,0,0,0,0,0,0,0,0,0,0,0,0,2,0,0,2.0,0,0,0
420,-1.5118384992877605,-0.17654253332835926,1,0,0,0,0,0,0,0,0,2,0,0,0,0,0,0,0,0,3,0,0,2.0,0,0,0
421,-0.11652321631629182,-0.4908050163476765,0,0,0,0,0,0,0,0,0,0,0,0,0,0,0,0,0,0,3,0,0,0.0,0,0,0
422,-0.6591458263607518,-0.4939468291401018,0,0,0,0,0,0,0,0,0,0,0,0,0,0,0,0,0,0,3,0,0,1.0,0,0,0
423,-0.03900570059565468,-0.491207168385107,0,0,0,0,0,0,0,0,0,0,0,0,0,0,0,0,0,0,3,0,0,2.0,0,0,0
424,-0.11652321631629182,-0.3650513008738763,1,1,0,0,0,0,0,0,0,1,0,0,0,0,0,0,0,0,3,0,0,2.0,0,0,0
425,-0.8916983735226632,-0.252671074067895,0,1,0,0,0,0,0,0,0,1,0,0,0,0,0,0,0,0,3,0,0,2.0,0,0,0
426,-0.11652321631629182,-0.5032910637405889,0,0,0,0,0,0,0,0,0,0,0,0,0,0,0,0,0,0,3,0,0,2.0,0,0,0
427,-0.11652321631629182,-0.14077420307613292,1,1,0,0,0,0,0,0,0,0,0,0,0,0,0,0,0,0,2,0,0,2.0,0,0,1
428,-0.8141808578020261,-0.14077420307613292,1,0,0,0,0,0,0,0,0,0,0,0,0,0,0,0,0,0,2,0,0,2.0,0,0,1
429,-0.11652321631629182,-0.49362394745620336,0,0,0,0,0,0,0,0,0,0,0,0,0,0,0,0,0,0,3,0,0,1.0,0,0,0
430,0.19354684656625676,-0.48782367768557205,0,0,0,0,0,0,0,0,0,0,0,0,0,0,0,0,0,0,3,0,0,2.0,0,0,1
431,-0.11652321631629182,-0.13014037516330884,0,0,0,0,0,0,0,0,0,0,0,0,0,0,0,0,0,0,1,0,0,2.0,0,0,1
432,-0.11652321631629182,-0.3321831055069656,1,1,0,0,0,0,0,0,0,0,0,0,0,0,0,0,0,0,3,0,0,2.0,0,0,1
433,0.9687220037726282,-0.14077420307613292,1,1,0,0,0,0,0,0,0,0,0,0,0,0,0,0,0,0,2,0,0,2.0,0,0,1
434,-0.9692158892433004,-0.5057078428116852,0,0,0,0,0,0,0,0,0,0,0,0,0,0,0,0,0,0,3,0,0,2.0,0,0,0
435,1.5888621295377254,0.43731935073011946,0,1,0,0,0,0,0,0,0,0,0,0,0,0,0,0,0,0,1,0,0,2.0,0,0,0
436,-1.201768436405212,1.6766436583883395,1,1,0,0,0,0,0,0,0,2,0,0,0,0,0,0,0,0,1,0,0,2.0,0,0,1
437,-0.6591458263607518,0.02114999468732407,1,2,0,0,0,0,0,0,0,2,0,0,0,0,0,0,0,0,3,0,0,2.0,0,0,0
438,-0.4265932791988404,-0.2809473891997225,1,2,0,0,0,0,0,0,0,3,0,0,0,0,0,0,0,0,2,0,0,2.0,0,0,1
439,2.674107349626645,4.44143891572259,0,1,0,0,0,0,0,0,0,4,0,0,0,0,0,0,0,0,1,0,0,2.0,0,0,0
440,0.1160293308456196,-0.44045480789208313,0,0,0,0,0,0,0,0,0,0,0,0,0,0,0,0,0,0,2,0,0,2.0,0,0,0
441,1.2012745509345397,-0.13594064493394017,1,1,0,0,0,0,0,0,0,1,0,0,0,0,0,0,0,0,2,0,0,2.0,0,0,1
442,-0.736663342081389,-0.4597890404608541,0,0,0,0,0,0,0,0,0,0,0,0,0,0,0,0,0,0,3,0,0,2.0,0,0,0
443,-0.34907576347820324,-0.4931405916419841,0,1,0,0,0,0,0,0,0,0,0,0,0,0,0,0,0,0,3,0,0,2.0,0,0,0
444,-0.11652321631629182,-0.3921192264701557,1,0,0,0,0,0,0,0,0,0,0,0,0,0,0,0,0,0,2,0,0,2.0,0,0,1
445,-0.11652321631629182,-0.48661528815002386,0,0,0,0,0,0,0,0,0,0,0,0,0,0,0,0,0,0,3,0,0,2.0,0,0,1
446,-1.9769435936115833,0.9392031600200472,0,0,0,0,0,0,0,0,0,2,0,0,0,0,0,0,0,0,1,0,0,2.0,0,0,1
447,-1.279285952125849,-0.2664467147731443,1,0,0,0,0,0,0,0,0,1,0,0,0,0,0,0,0,0,2,0,0,2.0,0,0,1
448,0.34858187800753104,-0.13014037516330884,0,0,0,0,0,0,0,0,0,0,0,0,0,0,0,0,0,0,1,0,0,2.0,0,0,1
449,-1.8994260778909462,-0.2711197987850163,1,2,0,0,0,0,0,0,0,1,0,0,0,0,0,0,0,0,3,0,0,0.0,0,0,1
450,1.7438971609789997,-0.05377015651666348,0,0,0,0,0,0,0,0,0,0,0,0,0,0,0,0,0,0,1,0,0,2.0,0,0,1
451,0.5036169094488053,-0.10693929608078369,0,1,0,0,0,0,0,0,0,2,0,0,0,0,0,0,0,0,2,0,0,2.0,0,0,0
452,-0.11652321631629182,-0.2574234284332989,0,1,0,0,0,0,0,0,0,0,0,0,0,0,0,0,0,0,3,0,0,2.0,0,0,0
453,0.03851181512498246,-0.10693929608078369,0,0,0,0,0,0,0,0,0,0,0,0,0,0,0,0,0,0,1,0,0,0.0,0,0,0
454,1.5113446138170883,1.079297075790105,0,1,0,0,0,0,0,0,0,0,0,0,0,0,0,0,0,0,1,0,0,0.0,0,0,1
455,-0.11652321631629182,-0.48782367768557205,0,0,0,0,0,0,0,0,0,0,0,0,0,0,0,0,0,0,3,0,0,2.0,0,0,0
456,-0.03900570059565468,-0.4908050163476765,0,0,0,0,0,0,0,0,0,0,0,0,0,0,0,0,0,0,3,0,0,0.0,0,0,1
457,2.7516248653472823,-0.13014037516330884,0,0,0,0,0,0,0,0,0,0,0,0,0,0,0,0,0,0,1,0,0,2.0,0,0,0
458,-0.11652321631629182,0.35925738673370655,1,1,0,0,0,0,0,0,0,0,0,0,0,0,0,0,0,0,1,0,0,2.0,0,0,1
459,1.5888621295377254,-0.44045480789208313,1,0,0,0,0,0,0,0,0,0,0,0,0,0,0,0,0,0,2,0,0,2.0,0,0,1
460,-0.11652321631629182,-0.49362394745620336,0,0,0,0,0,0,0,0,0,0,0,0,0,0,0,0,0,0,3,0,0,1.0,0,0,0
461,1.4338270980964511,-0.13014037516330884,0,0,0,0,0,0,0,0,0,0,0,0,0,0,0,0,0,0,1,0,0,2.0,0,0,1
462,0.34858187800753104,-0.48782367768557205,0,0,0,0,0,0,0,0,0,0,0,0,0,0,0,0,0,0,3,0,0,2.0,0,0,0
463,1.356309582375814,0.10090370403350438,0,0,0,0,0,0,0,0,0,0,0,0,0,0,0,0,0,0,1,0,0,2.0,0,0,0
464,1.4338270980964511,-0.3921192264701557,0,0,0,0,0,0,0,0,0,0,0,0,0,0,0,0,0,0,2,0,0,2.0,0,0,0
465,-0.11652321631629182,-0.48782367768557205,0,0,0,0,0,0,0,0,0,0,0,0,0,0,0,0,0,0,3,0,0,2.0,0,0,0
466,0.6586519408900796,-0.507157910254343,0,0,0,0,0,0,0,0,0,0,0,0,0,0,0,0,0,0,3,0,0,2.0,0,0,0
467,-0.11652321631629182,-0.6434642498641785,0,0,0,0,0,0,0,0,0,0,0,0,0,0,0,0,0,0,2,0,0,2.0,0,0,0
468,2.053967223861548,-0.13014037516330884,0,0,0,0,0,0,0,0,0,0,0,0,0,0,0,0,0,0,1,0,0,2.0,0,0,0
469,-0.11652321631629182,-0.49410730327042257,0,0,0,0,0,0,0,0,0,0,0,0,0,0,0,0,0,0,3,0,0,1.0,0,0,0
470,-2.228875519703654,-0.2711197987850163,1,2,0,0,0,0,0,0,0,1,0,0,0,0,0,0,0,0,3,0,0,0.0,0,0,1
471,-0.11652321631629182,-0.5032910637405889,0,0,0,0,0,0,0,0,0,0,0,0,0,0,0,0,0,0,3,0,0,2.0,0,0,0
472,0.6586519408900796,-0.4759814602371998,0,0,0,0,0,0,0,0,0,0,0,0,0,0,0,0,0,0,3,0,0,2.0,0,0,0
473,0.2710643622868939,-0.10693929608078369,1,1,0,0,0,0,0,0,0,2,0,0,0,0,0,0,0,0,2,0,0,2.0,0,0,1
474,-0.5041107949194775,-0.3768123145454597,1,0,0,0,0,0,0,0,0,0,0,0,0,0,0,0,0,0,2,0,0,0.0,0,0,1
475,-0.5816283106401147,-0.45326373696889394,1,0,0,0,0,0,0,0,0,0,0,0,0,0,0,0,0,0,3,0,0,2.0,0,0,0
476,-0.11652321631629182,0.36191584371191265,0,0,0,0,0,0,0,0,0,0,0,0,0,0,0,0,0,0,1,0,0,2.0,0,0,0
477,0.34858187800753104,-0.23744536591998783,0,1,0,0,0,0,0,0,0,0,0,0,0,0,0,0,0,0,2,0,0,2.0,0,0,0
478,-0.03900570059565468,-0.5072391140311319,0,1,0,0,0,0,0,0,0,0,0,0,0,0,0,0,0,0,3,0,0,2.0,0,0,0
479,-0.5816283106401147,-0.49805535356096564,0,0,0,0,0,0,0,0,0,0,0,0,0,0,0,0,0,0,3,0,0,2.0,0,0,0
480,-2.1319786250528576,-0.40589486717540496,1,0,0,0,0,0,0,0,0,1,0,0,0,0,0,0,0,0,3,0,0,2.0,0,0,1
481,-1.5893560150083976,0.2633112576111806,0,5,0,0,0,0,0,0,0,2,0,0,0,0,0,0,0,0,3,0,0,2.0,0,0,0
482,-0.11652321631629182,-0.6434642498641785,0,0,0,0,0,0,0,0,0,0,0,0,0,0,0,0,0,0,2,0,0,2.0,0,0,0
483,1.5888621295377254,-0.48782367768557205,0,0,0,0,0,0,0,0,0,0,0,0,0,0,0,0,0,0,3,0,0,2.0,0,0,0
484,2.596589833906008,-0.4580972951110867,1,0,0,0,0,0,0,0,0,0,0,0,0,0,0,0,0,0,3,0,0,2.0,0,0,1
485,-0.34907576347820324,1.1174821851134276,0,1,0,0,0,0,0,0,0,0,0,0,0,0,0,0,0,0,1,0,0,0.0,0,0,1
486,-0.11652321631629182,-0.15108514930505848,1,3,0,0,0,0,0,0,0,1,0,0,0,0,0,0,0,0,3,0,0,2.0,0,0,0
487,0.4260993937281682,1.09661668132521,1,1,0,0,0,0,0,0,0,0,0,0,0,0,0,0,0,0,1,0,0,2.0,0,0,1
488,2.2090022553028223,-0.06923754257168029,0,0,0,0,0,0,0,0,0,0,0,0,0,0,0,0,0,0,1,0,0,0.0,0,0,0
489,0.03851181512498246,-0.48782367768557205,0,0,0,0,0,0,0,0,0,0,0,0,0,0,0,0,0,0,3,0,0,2.0,0,0,0
490,-1.5893560150083976,-0.33604995202071986,0,1,0,0,0,0,0,0,0,1,0,0,0,0,0,0,0,0,3,0,0,2.0,0,0,1
491,-0.11652321631629182,-0.2574234284332989,0,1,0,0,0,0,0,0,0,0,0,0,0,0,0,0,0,0,3,0,0,2.0,0,0,0
492,-0.6591458263607518,-0.5032910637405889,0,0,0,0,0,0,0,0,0,0,0,0,0,0,0,0,0,0,3,0,0,2.0,0,0,0
493,1.9764497081409111,-0.05377015651666348,0,0,0,0,0,0,0,0,0,0,0,0,0,0,0,0,0,0,1,0,0,2.0,0,0,0
494,3.216729959671105,0.313661466066774,0,0,0,0,0,0,0,0,0,0,0,0,0,0,0,0,0,0,1,0,0,0.0,0,0,0
495,-0.6591458263607518,-0.48782367768557205,0,0,0,0,0,0,0,0,0,0,0,0,0,0,0,0,0,0,3,0,0,2.0,0,0,0
496,-0.11652321631629182,-0.3639241151151169,0,0,0,0,0,0,0,0,0,0,0,0,0,0,0,0,0,0,3,0,0,0.0,0,0,0
497,1.898932192420274,0.8697623303260494,1,1,0,0,0,0,0,0,0,0,0,0,0,0,0,0,0,0,1,0,0,0.0,0,0,1
498,-0.11652321631629182,-0.3515173380757366,0,0,0,0,0,0,0,0,0,0,0,0,0,0,0,0,0,0,3,0,0,2.0,0,0,0
499,-0.34907576347820324,2.286638695933064,1,1,0,0,0,0,0,0,0,2,0,0,0,0,0,0,0,0,1,0,0,2.0,0,0,0
500,-0.4265932791988404,-0.49273843960455366,0,0,0,0,0,0,0,0,0,0,0,0,0,0,0,0,0,0,3,0,0,2.0,0,0,0
501,-0.9692158892433004,-0.4759814602371998,0,0,0,0,0,0,0,0,0,0,0,0,0,0,0,0,0,0,3,0,0,2.0,0,0,0
502,-0.6591458263607518,-0.49362394745620336,1,0,0,0,0,0,0,0,0,0,0,0,0,0,0,0,0,0,3,0,0,1.0,0,0,0
503,-0.11652321631629182,-0.49595952275051086,1,0,0,0,0,0,0,0,0,0,0,0,0,0,0,0,0,0,3,0,0,1.0,0,0,0
504,0.5811344251694425,-0.4580972951110867,1,0,0,0,0,0,0,0,0,0,0,0,0,0,0,0,0,0,3,0,0,2.0,0,0,0
505,-1.0467334049639376,1.0289468673345115,1,0,0,0,0,0,0,0,0,0,0,0,0,0,0,0,0,0,1,0,0,2.0,0,0,1
506,-0.8916983735226632,1.4620336768749818,0,1,0,0,0,0,0,0,0,0,0,0,0,0,0,0,0,0,1,0,0,0.0,0,0,0
507,0.2710643622868939,-0.14077420307613292,1,0,0,0,0,0,0,0,0,2,0,0,0,0,0,0,0,0,2,0,0,2.0,0,0,1
508,-0.11652321631629182,-0.13014037516330884,0,0,0,0,0,0,0,0,0,0,0,0,0,0,0,0,0,0,1,0,0,2.0,0,0,1
509,-0.11652321631629182,-0.2079606612526121,0,0,0,0,0,0,0,0,0,0,0,0,0,0,0,0,0,0,3,0,0,2.0,0,0,0
510,-0.2715582477575661,0.4488386864945933,0,0,0,0,0,0,0,0,0,0,0,0,0,0,0,0,0,0,3,0,0,2.0,0,0,1
511,-0.03900570059565468,-0.49362394745620336,0,0,0,0,0,0,0,0,0,0,0,0,0,0,0,0,0,0,3,0,0,1.0,0,0,1
512,-0.11652321631629182,-0.48782367768557205,0,0,0,0,0,0,0,0,0,0,0,0,0,0,0,0,0,0,3,0,0,2.0,0,0,0
513,0.5036169094488053,-0.13521561121261122,0,0,0,0,0,0,0,0,0,0,0,0,0,0,0,0,0,0,1,0,0,2.0,0,0,1
514,1.898932192420274,0.5049891647208179,1,1,0,0,0,0,0,0,0,0,0,0,0,0,0,0,0,0,1,0,0,0.0,0,0,1
515,-0.4265932791988404,-0.49853870937518496,0,0,0,0,0,0,0,0,0,0,0,0,0,0,0,0,0,0,3,0,0,2.0,0,0,0
516,1.356309582375814,0.014301809511465414,0,0,0,0,0,0,0,0,0,0,0,0,0,0,0,0,0,0,1,0,0,2.0,0,0,0
517,0.34858187800753104,-0.44045480789208313,1,0,0,0,0,0,0,0,0,0,0,0,0,0,0,0,0,0,2,0,0,2.0,0,0,1
518,-0.11652321631629182,-0.17654253332835926,0,0,0,0,0,0,0,0,0,0,0,0,0,0,0,0,0,0,3,0,0,1.0,0,0,0
519,0.5036169094488053,-0.14077420307613292,1,1,0,0,0,0,0,0,0,0,0,0,0,0,0,0,0,0,2,0,0,2.0,0,0,1
520,0.19354684656625676,-0.4908050163476765,0,0,0,0,0,0,0,0,0,0,0,0,0,0,0,0,0,0,3,0,0,2.0,0,0,0
521,0.03851181512498246,1.1642864953159084,1,0,0,0,0,0,0,0,0,0,0,0,0,0,0,0,0,0,1,0,0,2.0,0,0,1
522,-0.5816283106401147,-0.4908050163476765,0,0,0,0,0,0,0,0,0,0,0,0,0,0,0,0,0,0,3,0,0,2.0,0,0,0
523,-0.11652321631629182,-0.5037744195548081,0,0,0,0,0,0,0,0,0,0,0,0,0,0,0,0,0,0,3,0,0,0.0,0,0,0
524,1.1237570352139026,0.47751908708710805,1,0,0,0,0,0,0,0,0,1,0,0,0,0,0,0,0,0,1,0,0,0.0,0,0,1
525,-0.11652321631629182,-0.5036932157780193,0,0,0,0,0,0,0,0,0,0,0,0,0,0,0,0,0,0,3,0,0,0.0,0,0,0
526,0.8524457301916725,-0.49362394745620336,0,0,0,0,0,0,0,0,0,0,0,0,0,0,0,0,0,0,3,0,0,1.0,0,0,0
527,1.5888621295377254,-0.44045480789208313,1,0,0,0,0,0,0,0,0,0,0,0,0,0,0,0,0,0,2,0,0,2.0,0,0,1
528,-0.11652321631629182,3.644466381851795,0,0,0,0,0,0,0,0,0,0,0,0,0,0,0,0,0,0,1,0,0,2.0,0,0,0
529,0.7361694566107168,-0.4902404567566684,0,0,0,0,0,0,0,0,0,0,0,0,0,0,0,0,0,0,3,0,0,2.0,0,0,0
530,-0.5041107949194775,-0.42112057532331215,0,2,0,0,0,0,0,0,0,1,0,0,0,0,0,0,0,0,2,0,0,2.0,0,0,0
531,-2.1319786250528576,-0.14077420307613292,1,1,0,0,0,0,0,0,0,1,0,0,0,0,0,0,0,0,2,0,0,2.0,0,0,1
532,-0.11652321631629182,-0.5036932157780193,0,0,0,0,0,0,0,0,0,0,0,0,0,0,0,0,0,0,3,0,0,0.0,0,0,0
533,-0.9692158892433004,-0.5036932157780193,0,1,0,0,0,0,0,0,0,1,0,0,0,0,0,0,0,0,3,0,0,0.0,0,0,0
534,-0.11652321631629182,-0.2111836778218262,1,0,0,0,0,0,0,0,0,2,0,0,0,0,0,0,0,0,3,0,0,0.0,0,0,1
535,0.03851181512498246,-0.4759814602371998,1,0,0,0,0,0,0,0,0,0,0,0,0,0,0,0,0,0,3,0,0,2.0,0,0,0
536,-1.744391046449672,-0.13594064493394017,1,0,0,0,0,0,0,0,0,2,0,0,0,0,0,0,0,0,2,0,0,2.0,0,0,1
537,1.2012745509345397,-0.13014037516330884,0,0,0,0,0,0,0,0,0,0,0,0,0,0,0,0,0,0,1,0,0,2.0,0,0,0
538,0.03851181512498246,1.4141814512672732,1,0,0,0,0,0,0,0,0,0,0,0,0,0,0,0,0,0,1,0,0,0.0,0,0,1
539,-0.11652321631629182,-0.3631178776169992,0,0,0,0,0,0,0,0,0,0,0,0,0,0,0,0,0,0,3,0,0,2.0,0,0,0
540,-0.5816283106401147,0.3135802622899852,1,0,0,0,0,0,0,0,0,2,0,0,0,0,0,0,0,0,1,0,0,0.0,0,0,1
541,0.5036169094488053,0.7292662625185613,1,0,0,0,0,0,0,0,0,2,0,0,0,0,0,0,0,0,1,0,0,2.0,0,0,1
542,-1.5893560150083976,-0.038786126275866,1,4,0,0,0,0,0,0,0,2,0,0,0,0,0,0,0,0,3,0,0,2.0,0,0,0
543,-1.4343209835671233,-0.038786126275866,1,4,0,0,0,0,0,0,0,2,0,0,0,0,0,0,0,0,3,0,0,2.0,0,0,0
544,0.19354684656625676,-0.14077420307613292,0,1,0,0,0,0,0,0,0,0,0,0,0,0,0,0,0,0,2,0,0,2.0,0,0,1
545,1.5888621295377254,1.4141814512672732,0,1,0,0,0,0,0,0,0,0,0,0,0,0,0,0,0,0,1,0,0,0.0,0,0,0
546,2.674107349626645,-0.14077420307613292,0,0,0,0,0,0,0,0,0,0,0,0,0,0,0,0,0,0,1,0,0,2.0,0,0,0
547,-0.8141808578020261,-0.14077420307613292,1,1,0,0,0,0,0,0,0,0,0,0,0,0,0,0,0,0,2,0,0,2.0,0,0,1
548,-0.11652321631629182,-0.3754434508795907,0,0,0,0,0,0,0,0,0,0,0,0,0,0,0,0,0,0,2,0,0,0.0,0,0,1
549,0.2710643622868939,-0.24662912639015405,0,1,0,0,0,0,0,0,0,1,0,0,0,0,0,0,0,0,3,0,0,2.0,0,0,0
550,-1.6668735307290348,0.06706879703815516,0,1,0,0,0,0,0,0,0,1,0,0,0,0,0,0,0,0,2,0,0,2.0,0,0,1
551,-0.9692158892433004,1.5003792603286252,0,0,0,0,0,0,0,0,0,2,0,0,0,0,0,0,0,0,1,0,0,0.0,0,0,1
552,-0.19404073203692898,-0.14077420307613292,0,0,0,0,0,0,0,0,0,0,0,0,0,0,0,0,0,0,2,0,0,2.0,0,0,0
553,-0.11652321631629182,-0.4920926762367567,0,0,0,0,0,0,0,0,0,0,0,0,0,0,0,0,0,0,3,0,0,1.0,0,0,0
554,-0.5816283106401147,-0.5037744195548081,0,0,0,0,0,0,0,0,0,0,0,0,0,0,0,0,0,0,3,0,0,0.0,0,0,1
555,-0.5816283106401147,-0.4931405916419841,1,0,0,0,0,0,0,0,0,0,0,0,0,0,0,0,0,0,3,0,0,2.0,0,0,1
556,2.519072318185371,-0.13014037516330884,0,0,0,0,0,0,0,0,0,0,0,0,0,0,0,0,0,0,1,0,0,2.0,0,0,0
557,1.4338270980964511,0.12217135985915248,1,1,0,0,0,0,0,0,0,0,0,0,0,0,0,0,0,0,1,0,0,0.0,0,0,1
558,-0.11652321631629182,3.7555570153454396,0,0,0,0,0,0,0,0,0,0,0,0,0,0,0,0,0,0,1,0,0,0.0,0,0,0
559,0.7361694566107168,0.8965073742384304,1,1,0,0,0,0,0,0,0,1,0,0,0,0,0,0,0,0,1,0,0,2.0,0,0,1
560,0.5036169094488053,-0.3070486031675634,1,1,0,0,0,0,0,0,0,0,0,0,0,0,0,0,0,0,3,0,0,2.0,0,0,1
561,-0.11652321631629182,-0.49362394745620336,0,0,0,0,0,0,0,0,0,0,0,0,0,0,0,0,0,0,3,0,0,1.0,0,0,0
562,0.8136869723313539,-0.4908050163476765,0,0,0,0,0,0,0,0,0,0,0,0,0,0,0,0,0,0,3,0,0,2.0,0,0,0
563,-0.11652321631629182,-0.3824521101857702,0,0,0,0,0,0,0,0,0,0,0,0,0,0,0,0,0,0,2,0,0,2.0,0,0,0
564,-0.11652321631629182,-0.48782367768557205,0,0,0,0,0,0,0,0,0,0,0,0,0,0,0,0,0,0,3,0,0,2.0,0,0,0
565,-0.11652321631629182,-0.48782367768557205,1,0,0,0,0,0,0,0,0,0,0,0,0,0,0,0,0,0,3,0,0,2.0,0,0,0
566,-0.4265932791988404,-0.17654253332835926,0,2,0,0,0,0,0,0,0,0,0,0,0,0,0,0,0,0,3,0,0,2.0,0,0,0
567,-0.8141808578020261,-0.4908050163476765,0,0,0,0,0,0,0,0,0,0,0,0,0,0,0,0,0,0,3,0,0,2.0,0,0,0
568,-0.03900570059565468,-0.23599529847733,1,0,0,0,0,0,0,0,0,4,0,0,0,0,0,0,0,0,3,0,0,2.0,0,0,0
569,-0.11652321631629182,-0.5036932157780193,0,0,0,0,0,0,0,0,0,0,0,0,0,0,0,0,0,0,3,0,0,0.0,0,0,0
570,0.19354684656625676,-0.4916093204225374,0,0,0,0,0,0,0,0,0,0,0,0,0,0,0,0,0,0,3,0,0,2.0,0,0,1
571,2.519072318185371,-0.44045480789208313,0,0,0,0,0,0,0,0,0,0,0,0,0,0,0,0,0,0,2,0,0,2.0,0,0,1
572,1.8214146766996369,0.35184657539009667,1,2,0,0,0,0,0,0,0,0,0,0,0,0,0,0,0,0,1,0,0,2.0,0,0,1
573,0.5036169094488053,-0.13328218795573415,0,0,0,0,0,0,0,0,0,0,0,0,0,0,0,0,0,0,1,0,0,2.0,0,0,1
574,-0.11652321631629182,-0.49362394745620336,1,0,0,0,0,0,0,0,0,0,0,0,0,0,0,0,0,0,3,0,0,1.0,0,0,1
575,-1.0467334049639376,-0.48782367768557205,0,0,0,0,0,0,0,0,0,0,0,0,0,0,0,0,0,0,3,0,0,2.0,0,0,0
576,-0.8141808578020261,-0.3631178776169992,0,0,0,0,0,0,0,0,0,0,0,0,0,0,0,0,0,0,3,0,0,2.0,0,0,0
577,0.34858187800753104,-0.3921192264701557,1,0,0,0,0,0,0,0,0,0,0,0,0,0,0,0,0,0,2,0,0,2.0,0,0,1
578,0.7361694566107168,0.43731935073011946,1,1,0,0,0,0,0,0,0,0,0,0,0,0,0,0,0,0,1,0,0,2.0,0,0,1
579,-0.11652321631629182,-0.3639241151151169,1,1,0,0,0,0,0,0,0,0,0,0,0,0,0,0,0,0,3,0,0,0.0,0,0,0
580,0.19354684656625676,-0.4902404567566684,0,0,0,0,0,0,0,0,0,0,0,0,0,0,0,0,0,0,3,0,0,2.0,0,0,1
581,-0.34907576347820324,-0.06343727280104898,1,1,0,0,0,0,0,0,0,1,0,0,0,0,0,0,0,0,2,0,0,2.0,0,0,1
582,0.7361694566107168,1.5003792603286252,1,1,0,0,0,0,0,0,0,1,0,0,0,0,0,0,0,0,1,0,0,0.0,0,0,1
583,1.898932192420274,-0.14077420307613292,0,0,0,0,0,0,0,0,0,0,0,0,0,0,0,0,0,0,2,0,0,2.0,0,0,0
584,0.5036169094488053,0.13232183195775724,0,0,0,0,0,0,0,0,0,0,0,0,0,0,0,0,0,0,1,0,0,0.0,0,0,0
585,-0.11652321631629182,-0.4750147486087613,0,0,0,0,0,0,0,0,0,0,0,0,0,0,0,0,0,0,3,0,0,0.0,0,0,0
586,-0.8916983735226632,0.8965073742384304,1,0,0,0,0,0,0,0,0,2,0,0,0,0,0,0,0,0,1,0,0,2.0,0,0,1
587,1.356309582375814,-0.3534507613326137,0,0,0,0,0,0,0,0,0,0,0,0,0,0,0,0,0,0,2,0,0,2.0,0,0,0
588,2.3640372867440966,0.8878069695824834,0,1,0,0,0,0,0,0,0,1,0,0,0,0,0,0,0,0,1,0,0,0.0,0,0,1
589,-0.5816283106401147,-0.48782367768557205,0,0,0,0,0,0,0,0,0,0,0,0,0,0,0,0,0,0,3,0,0,2.0,0,0,0
590,-0.11652321631629182,-0.48782367768557205,0,0,0,0,0,0,0,0,0,0,0,0,0,0,0,0,0,0,3,0,0,2.0,0,0,0
591,0.4260993937281682,-0.5057078428116852,0,0,0,0,0,0,0,0,0,0,0,0,0,0,0,0,0,0,3,0,0,2.0,0,0,0
592,1.7438971609789997,0.8697623303260494,1,1,0,0,0,0,0,0,0,0,0,0,0,0,0,0,0,0,1,0,0,0.0,0,0,1
593,1.356309582375814,-0.5032910637405889,0,0,0,0,0,0,0,0,0,0,0,0,0,0,0,0,0,0,3,0,0,2.0,0,0,0
594,-0.11652321631629182,-0.49362394745620336,1,0,0,0,0,0,0,0,0,2,0,0,0,0,0,0,0,0,3,0,0,1.0,0,0,0
595,0.5811344251694425,-0.14077420307613292,0,1,0,0,0,0,0,0,0,0,0,0,0,0,0,0,0,0,2,0,0,2.0,0,0,0
596,0.5036169094488053,-0.17654253332835926,0,1,0,0,0,0,0,0,0,1,0,0,0,0,0,0,0,0,3,0,0,2.0,0,0,0
597,-0.11652321631629182,-0.005434575094736029,1,0,0,0,0,0,0,0,0,0,0,0,0,0,0,0,0,0,2,0,0,2.0,0,0,1
598,1.5113446138170883,-0.6434642498641785,0,0,0,0,0,0,0,0,0,0,0,0,0,0,0,0,0,0,3,0,0,2.0,0,0,0
599,-0.11652321631629182,-0.5037744195548081,0,0,0,0,0,0,0,0,0,0,0,0,0,0,0,0,0,0,3,0,0,0.0,0,0,0
600,1.5113446138170883,0.4572181428898986,0,1,0,0,0,0,0,0,0,0,0,0,0,0,0,0,0,0,1,0,0,0.0,0,0,1
601,-0.4265932791988404,-0.12143997050736192,1,2,0,0,0,0,0,0,0,1,0,0,0,0,0,0,0,0,2,0,0,2.0,0,0,1
602,-0.11652321631629182,-0.4908050163476765,0,0,0,0,0,0,0,0,0,0,0,0,0,0,0,0,0,0,3,0,0,2.0,0,0,0
603,-0.11652321631629182,0.17630721105171118,0,0,0,0,0,0,0,0,0,0,0,0,0,0,0,0,0,0,1,0,0,2.0,0,0,0
604,1.1237570352139026,-0.48782367768557205,0,0,0,0,0,0,0,0,0,0,0,0,0,0,0,0,0,0,3,0,0,2.0,0,0,0
605,0.4260993937281682,-0.13014037516330884,0,0,0,0,0,0,0,0,0,0,0,0,0,0,0,0,0,0,1,0,0,0.0,0,0,1
606,0.5036169094488053,-0.34281693341978964,0,1,0,0,0,0,0,0,0,0,0,0,0,0,0,0,0,0,3,0,0,2.0,0,0,0
607,0.03851181512498246,-0.4908050163476765,0,0,0,0,0,0,0,0,0,0,0,0,0,0,0,0,0,0,3,0,0,2.0,0,0,0
608,-0.19404073203692898,-0.05377015651666348,0,0,0,0,0,0,0,0,0,0,0,0,0,0,0,0,0,0,1,0,0,2.0,0,0,1
609,-0.5816283106401147,0.16043767295926398,1,1,0,0,0,0,0,0,0,2,0,0,0,0,0,0,0,0,2,0,0,0.0,0,0,1
610,0.8136869723313539,2.3236154157208384,1,0,0,0,0,0,0,0,0,0,0,0,0,0,0,0,0,0,1,0,0,2.0,0,0,1
611,0.7361694566107168,-0.038786126275866,1,1,0,0,0,0,0,0,0,5,0,0,0,0,0,0,0,0,3,0,0,2.0,0,0,0
612,-0.11652321631629182,-0.507157910254343,0,0,0,0,0,0,0,0,0,0,0,0,0,0,0,0,0,0,3,0,0,2.0,0,0,0
613,-0.11652321631629182,-0.3437836450482282,1,1,0,0,0,0,0,0,0,0,0,0,0,0,0,0,0,0,3,0,0,1.0,0,0,1
614,-0.11652321631629182,-0.49362394745620336,0,0,0,0,0,0,0,0,0,0,0,0,0,0,0,0,0,0,3,0,0,1.0,0,0,0
615,0.4260993937281682,-0.48782367768557205,0,0,0,0,0,0,0,0,0,0,0,0,0,0,0,0,0,0,3,0,0,2.0,0,0,0
616,-0.4265932791988404,0.6132608671059354,1,1,0,0,0,0,0,0,0,2,0,0,0,0,0,0,0,0,2,0,0,2.0,0,0,1
617,0.34858187800753104,-0.3650513008738763,0,1,0,0,0,0,0,0,0,1,0,0,0,0,0,0,0,0,3,0,0,2.0,0,0,0
618,-0.2715582477575661,-0.3321831055069656,1,1,0,0,0,0,0,0,0,0,0,0,0,0,0,0,0,0,3,0,0,2.0,0,0,0
619,-1.9769435936115833,0.11057082031788987,1,2,0,0,0,0,0,0,0,1,0,0,0,0,0,0,0,0,2,0,0,2.0,0,0,1
620,-0.2715582477575661,-0.44045480789208313,0,0,0,0,0,0,0,0,0,0,0,0,0,0,0,0,0,0,2,0,0,2.0,0,0,0
621,-0.19404073203692898,-0.3640033854686489,0,1,0,0,0,0,0,0,0,0,0,0,0,0,0,0,0,0,3,0,0,0.0,0,0,0
622,0.9687220037726282,0.37263087540152556,0,1,0,0,0,0,0,0,0,0,0,0,0,0,0,0,0,0,1,0,0,2.0,0,0,1
623,-0.736663342081389,-0.33911056103635623,0,1,0,0,0,0,0,0,0,1,0,0,0,0,0,0,0,0,3,0,0,0.0,0,0,1
624,-0.6591458263607518,-0.4916093204225374,0,0,0,0,0,0,0,0,0,0,0,0,0,0,0,0,0,0,3,0,0,2.0,0,0,0
625,-0.6591458263607518,-0.3321831055069656,0,0,0,0,0,0,0,0,0,0,0,0,0,0,0,0,0,0,3,0,0,2.0,0,0,0
626,2.4415548024647338,-0.01856638585544531,0,0,0,0,0,0,0,0,0,0,0,0,0,0,0,0,0,0,1,0,0,2.0,0,0,0
627,2.131484739582185,-0.40468647763985677,0,0,0,0,0,0,0,0,0,0,0,0,0,0,0,0,0,0,2,0,0,1.0,0,0,0
628,-0.6591458263607518,0.8637996530018404,1,0,0,0,0,0,0,0,0,0,0,0,0,0,0,0,0,0,1,0,0,2.0,0,0,1
629,-0.2715582477575661,-0.4908050163476765,0,0,0,0,0,0,0,0,0,0,0,0,0,0,0,0,0,0,3,0,0,2.0,0,0,0
630,-0.11652321631629182,-0.4939468291401018,0,0,0,0,0,0,0,0,0,0,0,0,0,0,0,0,0,0,3,0,0,1.0,0,0,0
631,3.91438760115684,-0.06343727280104898,0,0,0,0,0,0,0,0,0,0,0,0,0,0,0,0,0,0,1,0,0,2.0,0,0,1
632,1.6663796452583626,-0.5070767064775542,0,0,0,0,0,0,0,0,0,0,0,0,0,0,0,0,0,0,3,0,0,2.0,0,0,0
633,0.19354684656625676,-0.05377015651666348,0,0,0,0,0,0,0,0,0,0,0,0,0,0,0,0,0,0,1,0,0,0.0,0,0,1
634,-0.11652321631629182,-0.6434642498641785,0,0,0,0,0,0,0,0,0,0,0,0,0,0,0,0,0,0,1,0,0,2.0,0,0,0
635,-1.5893560150083976,-0.10403916119546806,1,3,0,0,0,0,0,0,0,2,0,0,0,0,0,0,0,0,3,0,0,2.0,0,0,0
636,-0.11652321631629182,-0.3921192264701557,1,0,0,0,0,0,0,0,0,0,0,0,0,0,0,0,0,0,2,0,0,2.0,0,0,1
637,0.19354684656625676,-0.4902404567566684,0,0,0,0,0,0,0,0,0,0,0,0,0,0,0,0,0,0,3,0,0,2.0,0,0,0
638,0.1160293308456196,-0.13594064493394017,0,1,0,0,0,0,0,0,0,1,0,0,0,0,0,0,0,0,2,0,0,2.0,0,0,0
639,0.891204488051991,0.12386310520891992,1,0,0,0,0,0,0,0,0,5,0,0,0,0,0,0,0,0,3,0,0,2.0,0,0,0
640,-0.11652321631629182,-0.3321831055069656,0,1,0,0,0,0,0,0,0,0,0,0,0,0,0,0,0,0,3,0,0,2.0,0,0,0
641,-0.736663342081389,-0.4916093204225374,0,0,0,0,0,0,0,0,0,0,0,0,0,0,0,0,0,0,3,0,0,2.0,0,0,0
642,-0.4265932791988404,0.6963980671516505,1,0,0,0,0,0,0,0,0,0,0,0,0,0,0,0,0,0,1,0,0,0.0,0,0,1
643,-2.1319786250528576,-0.10403916119546806,1,3,0,0,0,0,0,0,0,2,0,0,0,0,0,0,0,0,3,0,0,2.0,0,0,0
644,-0.11652321631629182,0.4488386864945933,0,0,0,0,0,0,0,0,0,0,0,0,0,0,0,0,0,0,3,0,0,2.0,0,0,1
645,-2.228875519703654,-0.2711197987850163,1,2,0,0,0,0,0,0,0,1,0,0,0,0,0,0,0,0,3,0,0,0.0,0,0,1
646,1.4338270980964511,0.8400359477515641,0,1,0,0,0,0,0,0,0,0,0,0,0,0,0,0,0,0,1,0,0,0.0,0,0,1
647,-0.8141808578020261,-0.4908050163476765,0,0,0,0,0,0,0,0,0,0,0,0,0,0,0,0,0,0,3,0,0,2.0,0,0,0
648,2.053967223861548,0.042901006327191425,0,0,0,0,0,0,0,0,0,0,0,0,0,0,0,0,0,0,1,0,0,0.0,0,0,1
649,-0.11652321631629182,-0.49749079396995755,0,0,0,0,0,0,0,0,0,0,0,0,0,0,0,0,0,0,3,0,0,2.0,0,0,0
650,-0.5041107949194775,-0.49749079396995755,1,0,0,0,0,0,0,0,0,0,0,0,0,0,0,0,0,0,3,0,0,2.0,0,0,1
651,-0.11652321631629182,-0.4908050163476765,0,0,0,0,0,0,0,0,0,0,0,0,0,0,0,0,0,0,3,0,0,2.0,0,0,0
652,-0.8916983735226632,-0.19877690078244586,1,0,0,0,0,0,0,0,0,1,0,0,0,0,0,0,0,0,2,0,0,2.0,0,0,1
653,-0.6591458263607518,-0.4804128663419621,0,0,0,0,0,0,0,0,0,0,0,0,0,0,0,0,0,0,3,0,0,2.0,0,0,0
654,-0.11652321631629182,-0.4920926762367567,1,0,0,0,0,0,0,0,0,0,0,0,0,0,0,0,0,0,3,0,0,1.0,0,0,1
655,-0.8916983735226632,-0.5129581800249743,1,0,0,0,0,0,0,0,0,0,0,0,0,0,0,0,0,0,3,0,0,1.0,0,0,0
656,-0.4265932791988404,0.7776018439404888,0,2,0,0,0,0,0,0,0,0,0,0,0,0,0,0,0,0,2,0,0,2.0,0,0,0
657,-0.11652321631629182,-0.4908050163476765,0,0,0,0,0,0,0,0,0,0,0,0,0,0,0,0,0,0,3,0,0,2.0,0,0,0
658,0.19354684656625676,-0.3437836450482282,1,1,0,0,0,0,0,0,0,1,0,0,0,0,0,0,0,0,3,0,0,1.0,0,0,0
659,-0.5041107949194775,-0.3921192264701557,0,0,0,0,0,0,0,0,0,0,0,0,0,0,0,0,0,0,2,0,0,2.0,0,0,0
660,2.2090022553028223,1.5466209443633547,0,0,0,0,0,0,0,0,0,2,0,0,0,0,0,0,0,0,1,0,0,0.0,0,0,0
661,1.5888621295377254,1.9405559329520634,0,2,0,0,0,0,0,0,0,0,0,0,0,0,0,0,0,0,1,0,0,2.0,0,0,1
662,0.8136869723313539,-0.5037744195548081,0,0,0,0,0,0,0,0,0,0,0,0,0,0,0,0,0,0,3,0,0,0.0,0,0,0
663,1.356309582375814,-0.14874957401075098,0,0,0,0,0,0,0,0,0,0,0,0,0,0,0,0,0,0,1,0,0,2.0,0,0,0
664,0.5036169094488053,-0.49853870937518496,0,0,0,0,0,0,0,0,0,0,0,0,0,0,0,0,0,0,3,0,0,2.0,0,0,0
665,-0.736663342081389,-0.4902404567566684,0,1,0,0,0,0,0,0,0,0,0,0,0,0,0,0,0,0,3,0,0,2.0,0,0,1
666,0.19354684656625676,0.7776018439404888,0,2,0,0,0,0,0,0,0,0,0,0,0,0,0,0,0,0,2,0,0,2.0,0,0,0
667,-0.34907576347820324,-0.3921192264701557,0,0,0,0,0,0,0,0,0,0,0,0,0,0,0,0,0,0,2,0,0,2.0,0,0,0
668,-0.11652321631629182,-0.4931405916419841,0,0,0,0,0,0,0,0,0,0,0,0,0,0,0,0,0,0,3,0,0,2.0,0,0,0
669,1.0462395194932654,-0.48782367768557205,0,0,0,0,0,0,0,0,0,0,0,0,0,0,0,0,0,0,3,0,0,2.0,0,0,0
670,-0.11652321631629182,0.36191584371191265,1,1,0,0,0,0,0,0,0,0,0,0,0,0,0,0,0,0,1,0,0,2.0,0,0,1
671,0.8136869723313539,0.11057082031788987,1,1,0,0,0,0,0,0,0,1,0,0,0,0,0,0,0,0,2,0,0,2.0,0,0,1
672,0.1160293308456196,0.36191584371191265,0,1,0,0,0,0,0,0,0,0,0,0,0,0,0,0,0,0,1,0,0,2.0,0,0,0
673,3.139212443950468,-0.44045480789208313,0,0,0,0,0,0,0,0,0,0,0,0,0,0,0,0,0,0,2,0,0,2.0,0,0,0
674,0.1160293308456196,-0.3921192264701557,0,0,0,0,0,0,0,0,0,0,0,0,0,0,0,0,0,0,2,0,0,2.0,0,0,1
675,-0.11652321631629182,-0.6434642498641785,0,0,0,0,0,0,0,0,0,0,0,0,0,0,0,0,0,0,2,0,0,2.0,0,0,0
676,-0.8916983735226632,-0.4931405916419841,0,0,0,0,0,0,0,0,0,0,0,0,0,0,0,0,0,0,3,0,0,2.0,0,0,0
677,-0.3878345213385218,-0.48782367768557205,0,0,0,0,0,0,0,0,0,0,0,0,0,0,0,0,0,0,3,0,0,2.0,0,0,0
678,-0.8916983735226632,-0.4531825331921051,1,0,0,0,0,0,0,0,0,0,0,0,0,0,0,0,0,0,3,0,0,2.0,0,0,1
679,1.0462395194932654,0.2633112576111806,1,1,0,0,0,0,0,0,0,6,0,0,0,0,0,0,0,0,3,0,0,2.0,0,0,0
680,0.5036169094488053,9.262027654708204,0,0,0,0,0,0,0,0,0,1,0,0,0,0,0,0,0,0,1,0,0,0.0,0,0,1
681,-0.11652321631629182,-0.4861319323358046,1,0,0,0,0,0,0,0,0,0,0,0,0,0,0,0,0,0,3,0,0,1.0,0,0,0
682,-0.19404073203692898,0.8400359477515641,0,0,0,0,0,0,0,0,0,0,0,0,0,0,0,0,0,0,1,0,0,0.0,0,0,1
683,-0.736663342081389,-0.4651059544172661,0,0,0,0,0,0,0,0,0,0,0,0,0,0,0,0,0,0,3,0,0,2.0,0,0,0
684,-1.201768436405212,0.2633112576111806,0,5,0,0,0,0,0,0,0,2,0,0,0,0,0,0,0,0,3,0,0,2.0,0,0,0
685,2.3640372867440966,0.11057082031788987,0,1,0,0,0,0,0,0,0,1,0,0,0,0,0,0,0,0,2,0,0,2.0,0,0,0
686,-0.34907576347820324,0.16043767295926398,0,1,0,0,0,0,0,0,0,2,0,0,0,0,0,0,0,0,2,0,0,0.0,0,0,0
687,-1.201768436405212,0.12386310520891992,0,4,0,0,0,0,0,0,0,1,0,0,0,0,0,0,0,0,3,0,0,2.0,0,0,0
688,-0.8141808578020261,-0.44681963725372253,0,0,0,0,0,0,0,0,0,0,0,0,0,0,0,0,0,0,3,0,0,2.0,0,0,0
689,-0.8916983735226632,-0.49273843960455366,0,0,0,0,0,0,0,0,0,0,0,0,0,0,0,0,0,0,3,0,0,2.0,0,0,0
690,-1.1242509206845748,3.4425841256384593,1,0,0,0,0,0,0,0,0,1,0,0,0,0,0,0,0,0,1,0,0,2.0,0,0,1
691,0.1160293308456196,0.45858700655576756,0,1,0,0,0,0,0,0,0,0,0,0,0,0,0,0,0,0,1,0,0,2.0,0,0,1
692,-1.9769435936115833,-0.3840626517587488,1,0,0,0,0,0,0,0,0,1,0,0,0,0,0,0,0,0,3,0,0,0.0,0,0,1
693,-0.11652321631629182,0.4488386864945933,0,0,0,0,0,0,0,0,0,0,0,0,0,0,0,0,0,0,3,0,0,2.0,0,0,1
694,-0.34907576347820324,-0.5037744195548081,0,0,0,0,0,0,0,0,0,0,0,0,0,0,0,0,0,0,3,0,0,0.0,0,0,0
695,2.3640372867440966,-0.13014037516330884,0,0,0,0,0,0,0,0,0,0,0,0,0,0,0,0,0,0,1,0,0,2.0,0,0,0
696,1.7438971609789997,-0.3824521101857702,0,0,0,0,0,0,0,0,0,0,0,0,0,0,0,0,0,0,2,0,0,2.0,0,0,0
697,1.1237570352139026,-0.48782367768557205,0,0,0,0,0,0,0,0,0,0,0,0,0,0,0,0,0,0,3,0,0,2.0,0,0,0
698,-0.11652321631629182,-0.4939468291401018,1,0,0,0,0,0,0,0,0,0,0,0,0,0,0,0,0,0,3,0,0,1.0,0,0,1
699,1.5113446138170883,1.5003792603286252,0,1,0,0,0,0,0,0,0,1,0,0,0,0,0,0,0,0,1,0,0,0.0,0,0,0
700,0.9687220037726282,-0.4955573707130805,0,0,0,0,0,0,0,0,0,0,0,0,0,0,0,0,0,0,3,0,0,2.0,0,0,0
701,-0.8916983735226632,3.7555570153454396,1,1,0,0,0,0,0,0,0,0,0,0,0,0,0,0,0,0,1,0,0,0.0,0,0,1
702,0.4260993937281682,-0.13521561121261122,0,0,0,0,0,0,0,0,0,0,0,0,0,0,0,0,0,0,1,0,0,2.0,0,0,1
703,-0.8916983735226632,-0.3640033854686489,1,0,0,0,0,0,0,0,0,1,0,0,0,0,0,0,0,0,3,0,0,0.0,0,0,0
704,-0.34907576347820324,-0.49378442158652414,0,0,0,0,0,0,0,0,0,0,0,0,0,0,0,0,0,0,3,0,0,1.0,0,0,0
705,-0.2715582477575661,-0.4916093204225374,0,1,0,0,0,0,0,0,0,0,0,0,0,0,0,0,0,0,3,0,0,2.0,0,0,0
706,0.7361694566107168,-0.14077420307613292,0,0,0,0,0,0,0,0,0,0,0,0,0,0,0,0,0,0,2,0,0,2.0,0,0,0
707,1.2012745509345397,-0.3824521101857702,1,0,0,0,0,0,0,0,0,0,0,0,0,0,0,0,0,0,2,0,0,2.0,0,0,1
708,0.9687220037726282,-0.13521561121261122,0,0,0,0,0,0,0,0,0,0,0,0,0,0,0,0,0,0,1,0,0,2.0,0,0,1
709,-0.5816283106401147,2.286638695933064,1,0,0,0,0,0,0,0,0,0,0,0,0,0,0,0,0,0,1,0,0,2.0,0,0,1
710,-0.11652321631629182,-0.34869840696720983,0,1,0,0,0,0,0,0,0,1,0,0,0,0,0,0,0,0,3,0,0,0.0,0,0,1
711,-0.4265932791988404,0.313661466066774,1,0,0,0,0,0,0,0,0,0,0,0,0,0,0,0,0,0,1,0,0,0.0,0,0,1
712,-0.11652321631629182,-0.13014037516330884,0,0,0,0,0,0,0,0,0,0,0,0,0,0,0,0,0,0,1,0,0,2.0,0,0,0
713,1.4338270980964511,0.36191584371191265,0,1,0,0,0,0,0,0,0,0,0,0,0,0,0,0,0,0,1,0,0,2.0,0,0,1
714,-0.03900570059565468,-0.4601119221447526,0,0,0,0,0,0,0,0,0,0,0,0,0,0,0,0,0,0,3,0,0,2.0,0,0,0
715,1.7438971609789997,-0.3921192264701557,0,0,0,0,0,0,0,0,0,0,0,0,0,0,0,0,0,0,2,0,0,2.0,0,0,0
716,-0.8141808578020261,-0.4955573707130805,0,0,0,0,0,0,0,0,0,0,0,0,0,0,0,0,0,0,3,0,0,2.0,0,0,0
717,0.6586519408900796,3.7555570153454396,1,0,0,0,0,0,0,0,0,0,0,0,0,0,0,0,0,0,1,0,0,0.0,0,0,1
718,-0.19404073203692898,-0.44045480789208313,1,0,0,0,0,0,0,0,0,0,0,0,0,0,0,0,0,0,2,0,0,2.0,0,0,1
719,-0.11652321631629182,-0.3437836450482282,0,0,0,0,0,0,0,0,0,0,0,0,0,0,0,0,0,0,3,0,0,1.0,0,0,0
720,0.2710643622868939,-0.4931405916419841,0,0,0,0,0,0,0,0,0,0,0,0,0,0,0,0,0,0,3,0,0,2.0,0,0,0
721,-1.821908562170309,-0.005434575094736029,1,0,0,0,0,0,0,0,0,1,0,0,0,0,0,0,0,0,2,0,0,2.0,0,0,1
722,-0.9692158892433004,-0.5070767064775542,0,1,0,0,0,0,0,0,0,0,0,0,0,0,0,0,0,0,3,0,0,2.0,0,0,0
723,0.34858187800753104,-0.3921192264701557,0,0,0,0,0,0,0,0,0,0,0,0,0,0,0,0,0,0,2,0,0,2.0,0,0,0
724,1.5888621295377254,-0.3921192264701557,0,0,0,0,0,0,0,0,0,0,0,0,0,0,0,0,0,0,2,0,0,2.0,0,0,0
725,-0.19404073203692898,0.38318349953756076,0,1,0,0,0,0,0,0,0,0,0,0,0,0,0,0,0,0,1,0,0,2.0,0,0,1
726,-0.736663342081389,-0.4759814602371998,0,0,0,0,0,0,0,0,0,0,0,0,0,0,0,0,0,0,3,0,0,2.0,0,0,0
727,0.03851181512498246,-0.23744536591998783,1,3,0,0,0,0,0,0,0,0,0,0,0,0,0,0,0,0,2,0,0,2.0,0,0,1
728,-0.11652321631629182,-0.49386562536331297,1,0,0,0,0,0,0,0,0,0,0,0,0,0,0,0,0,0,3,0,0,1.0,0,0,1
729,-0.34907576347820324,-0.14077420307613292,0,1,0,0,0,0,0,0,0,0,0,0,0,0,0,0,0,0,2,0,0,2.0,0,0,0
730,-0.34907576347820324,-0.4902404567566684,1,1,0,0,0,0,0,0,0,0,0,0,0,0,0,0,0,0,3,0,0,2.0,0,0,0
731,-0.03900570059565468,3.4425841256384593,1,0,0,0,0,0,0,0,0,0,0,0,0,0,0,0,0,0,1,0,0,2.0,0,0,1
732,-1.4343209835671233,-0.2802223554783936,0,0,0,0,0,0,0,0,0,0,0,0,0,0,0,0,0,0,3,0,0,0.0,0,0,0
733,-0.11652321631629182,-0.6434642498641785,0,0,0,0,0,0,0,0,0,0,0,0,0,0,0,0,0,0,2,0,0,2.0,0,0,0
734,-0.5041107949194775,-0.3921192264701557,0,0,0,0,0,0,0,0,0,0,0,0,0,0,0,0,0,0,2,0,0,2.0,0,0,0
735,-0.5041107949194775,-0.3921192264701557,0,0,0,0,0,0,0,0,0,0,0,0,0,0,0,0,0,0,2,0,0,2.0,0,0,0
736,-0.07776445845597325,-0.3321831055069656,0,0,0,0,0,0,0,0,0,0,0,0,0,0,0,0,0,0,3,0,0,2.0,0,0,0
737,1.4338270980964511,0.02114999468732407,1,1,0,0,0,0,0,0,0,3,0,0,0,0,0,0,0,0,3,0,0,2.0,0,0,0
738,0.4260993937281682,9.262027654708204,0,0,0,0,0,0,0,0,0,0,0,0,0,0,0,0,0,0,1,0,0,0.0,0,0,1
739,-0.11652321631629182,-0.4908050163476765,0,0,0,0,0,0,0,0,0,0,0,0,0,0,0,0,0,0,3,0,0,2.0,0,0,0
740,-0.11652321631629182,-0.4908050163476765,0,0,0,0,0,0,0,0,0,0,0,0,0,0,0,0,0,0,3,0,0,2.0,0,0,0
741,-0.11652321631629182,-0.06343727280104898,0,0,0,0,0,0,0,0,0,0,0,0,0,0,0,0,0,0,1,0,0,2.0,0,0,1
742,0.5036169094488053,0.8810399881834134,0,1,0,0,0,0,0,0,0,0,0,0,0,0,0,0,0,0,1,0,0,2.0,0,0,0
743,-0.6591458263607518,4.429355020367108,1,2,0,0,0,0,0,0,0,2,0,0,0,0,0,0,0,0,1,0,0,0.0,0,0,1
744,-0.4265932791988404,-0.3321831055069656,0,1,0,0,0,0,0,0,0,0,0,0,0,0,0,0,0,0,3,0,0,2.0,0,0,0
745,0.1160293308456196,-0.4902404567566684,0,0,0,0,0,0,0,0,0,0,0,0,0,0,0,0,0,0,3,0,0,2.0,0,0,1
746,3.139212443950468,0.7292662625185613,0,1,0,0,0,0,0,0,0,1,0,0,0,0,0,0,0,0,1,0,0,2.0,0,0,0
747,-1.0467334049639376,-0.25194604034656604,0,1,0,0,0,0,0,0,0,1,0,0,0,0,0,0,0,0,3,0,0,2.0,0,0,0
748,0.03851181512498246,-0.3921192264701557,1,0,0,0,0,0,0,0,0,0,0,0,0,0,0,0,0,0,2,0,0,2.0,0,0,1
749,-0.8141808578020261,0.38318349953756076,0,1,0,0,0,0,0,0,0,0,0,0,0,0,0,0,0,0,1,0,0,2.0,0,0,0
750,0.1160293308456196,-0.49362394745620336,0,0,0,0,0,0,0,0,0,0,0,0,0,0,0,0,0,0,3,0,0,1.0,0,0,0
751,-1.9769435936115833,-0.19877690078244586,1,1,0,0,0,0,0,0,0,1,0,0,0,0,0,0,0,0,2,0,0,2.0,0,0,1
752,-1.821908562170309,-0.40226969856876044,0,0,0,0,0,0,0,0,0,1,0,0,0,0,0,0,0,0,3,0,0,2.0,0,0,1
753,0.2710643622868939,-0.4597890404608541,0,0,0,0,0,0,0,0,0,0,0,0,0,0,0,0,0,0,3,0,0,2.0,0,0,0
754,-0.5041107949194775,-0.4908050163476765,0,0,0,0,0,0,0,0,0,0,0,0,0,0,0,0,0,0,3,0,0,2.0,0,0,0
755,1.4338270980964511,0.6132608671059354,1,1,0,0,0,0,0,0,0,2,0,0,0,0,0,0,0,0,2,0,0,2.0,0,0,1
756,-2.235076920961305,-0.3631178776169992,0,1,0,0,0,0,0,0,0,1,0,0,0,0,0,0,0,0,2,0,0,2.0,0,0,1
757,-0.11652321631629182,-0.49273843960455366,0,0,0,0,0,0,0,0,0,0,0,0,0,0,0,0,0,0,3,0,0,2.0,0,0,0
758,-0.8916983735226632,-0.42112057532331215,0,0,0,0,0,0,0,0,0,0,0,0,0,0,0,0,0,0,2,0,0,2.0,0,0,0
759,0.34858187800753104,-0.48782367768557205,0,0,0,0,0,0,0,0,0,0,0,0,0,0,0,0,0,0,3,0,0,2.0,0,0,0
760,0.2710643622868939,1.0289468673345115,1,0,0,0,0,0,0,0,0,0,0,0,0,0,0,0,0,0,1,0,0,2.0,0,0,1
761,-0.11652321631629182,-0.3631178776169992,0,0,0,0,0,0,0,0,0,0,0,0,0,0,0,0,0,0,3,0,0,2.0,0,0,0
762,0.891204488051991,-0.5057078428116852,0,0,0,0,0,0,0,0,0,0,0,0,0,0,0,0,0,0,3,0,0,2.0,0,0,0
763,-0.736663342081389,-0.5036932157780193,0,0,0,0,0,0,0,0,0,0,0,0,0,0,0,0,0,0,3,0,0,0.0,0,0,1
764,0.5036169094488053,1.6766436583883395,1,1,0,0,0,0,0,0,0,2,0,0,0,0,0,0,0,0,1,0,0,2.0,0,0,1
765,-1.0467334049639376,-0.4931405916419841,0,0,0,0,0,0,0,0,0,0,0,0,0,0,0,0,0,0,3,0,0,2.0,0,0,0
766,1.6663796452583626,0.8637996530018404,1,1,0,0,0,0,0,0,0,0,0,0,0,0,0,0,0,0,1,0,0,2.0,0,0,1
767,-0.11652321631629182,0.12217135985915248,0,0,0,0,0,0,0,0,0,0,0,0,0,0,0,0,0,0,1,0,0,0.0,0,0,0
768,0.07727057298530103,-0.49362394745620336,1,0,0,0,0,0,0,0,0,0,0,0,0,0,0,0,0,0,3,0,0,1.0,0,0,0
769,-0.11652321631629182,-0.17654253332835926,0,1,0,0,0,0,0,0,0,0,0,0,0,0,0,0,0,0,3,0,0,1.0,0,0,0
770,0.19354684656625676,-0.4817817300078311,0,0,0,0,0,0,0,0,0,0,0,0,0,0,0,0,0,0,3,0,0,2.0,0,0,0
771,-0.4265932791988404,-0.4597890404608541,0,0,0,0,0,0,0,0,0,0,0,0,0,0,0,0,0,0,3,0,0,2.0,0,0,0
772,1.4338270980964511,-0.4916093204225374,0,0,0,0,0,0,0,0,0,0,0,0,0,0,0,0,0,0,3,0,0,2.0,0,0,0
773,2.131484739582185,-0.44045480789208313,1,0,0,0,0,0,0,0,0,0,0,0,0,0,0,0,0,0,2,0,0,2.0,0,0,0
774,-0.11652321631629182,-0.5037744195548081,0,0,0,0,0,0,0,0,0,0,0,0,0,0,0,0,0,0,3,0,0,0.0,0,0,0
775,1.898932192420274,-0.19877690078244586,1,1,0,0,0,0,0,0,0,3,0,0,0,0,0,0,0,0,2,0,0,2.0,0,0,1
776,-0.8916983735226632,-0.49362394745620336,0,0,0,0,0,0,0,0,0,0,0,0,0,0,0,0,0,0,3,0,0,2.0,0,0,0
777,-0.11652321631629182,-0.49362394745620336,0,0,0,0,0,0,0,0,0,0,0,0,0,0,0,0,0,0,3,0,0,1.0,0,0,0
778,-1.8994260778909462,-0.40226969856876044,1,0,0,0,0,0,0,0,0,0,0,0,0,0,0,0,0,0,3,0,0,2.0,0,0,1
779,-0.11652321631629182,-0.49386562536331297,0,0,0,0,0,0,0,0,0,0,0,0,0,0,0,0,0,0,3,0,0,1.0,0,0,0
780,1.0462395194932654,3.4425841256384593,1,0,0,0,0,0,0,0,0,1,0,0,0,0,0,0,0,0,1,0,0,2.0,0,0,1
781,-1.279285952125849,-0.5036932157780193,1,0,0,0,0,0,0,0,0,0,0,0,0,0,0,0,0,0,3,0,0,0.0,0,0,1
782,-0.9692158892433004,0.45858700655576756,1,1,0,0,0,0,0,0,0,0,0,0,0,0,0,0,0,0,1,0,0,2.0,0,0,1
783,-0.03900570059565468,-0.06343727280104898,0,0,0,0,0,0,0,0,0,0,0,0,0,0,0,0,0,0,1,0,0,2.0,0,0,0
784,-0.11652321631629182,-0.19007649612649893,0,1,0,0,0,0,0,0,0,2,0,0,0,0,0,0,0,0,3,0,0,2.0,0,0,0
785,-0.34907576347820324,-0.507157910254343,0,0,0,0,0,0,0,0,0,0,0,0,0,0,0,0,0,0,3,0,0,2.0,0,0,0
786,-0.34907576347820324,-0.5032910637405889,0,0,0,0,0,0,0,0,0,0,0,0,0,0,0,0,0,0,3,0,0,2.0,0,0,0
787,-0.8916983735226632,-0.49853870937518496,1,0,0,0,0,0,0,0,0,0,0,0,0,0,0,0,0,0,3,0,0,2.0,0,0,1
788,-1.6668735307290348,-0.08035472629872359,0,4,0,0,0,0,0,0,0,1,0,0,0,0,0,0,0,0,3,0,0,1.0,0,0,0
789,-2.2094961407734948,-0.2456624147617155,0,1,0,0,0,0,0,0,0,2,0,0,0,0,0,0,0,0,3,0,0,2.0,0,0,1
790,1.2787920666551769,0.8878069695824834,0,0,0,0,0,0,0,0,0,0,0,0,0,0,0,0,0,0,1,0,0,0.0,0,0,0
791,-0.11652321631629182,-0.49362394745620336,0,0,0,0,0,0,0,0,0,0,0,0,0,0,0,0,0,0,3,0,0,1.0,0,0,0
792,-1.0467334049639376,-0.14077420307613292,0,0,0,0,0,0,0,0,0,0,0,0,0,0,0,0,0,0,2,0,0,2.0,0,0,0
793,-0.11652321631629182,0.7012316252938433,1,8,0,0,0,0,0,0,0,2,0,0,0,0,0,0,0,0,3,0,0,2.0,0,0,0
794,-0.11652321631629182,-0.049984513779698155,0,0,0,0,0,0,0,0,0,0,0,0,0,0,0,0,0,0,1,0,0,0.0,0,0,0
795,-0.34907576347820324,-0.4908050163476765,0,0,0,0,0,0,0,0,0,0,0,0,0,0,0,0,0,0,3,0,0,2.0,0,0,0
796,0.7361694566107168,-0.3921192264701557,0,0,0,0,0,0,0,0,0,0,0,0,0,0,0,0,0,0,2,0,0,2.0,0,0,0
797,1.5113446138170883,-0.14214306674200186,1,0,0,0,0,0,0,0,0,0,0,0,0,0,0,0,0,0,1,0,0,2.0,0,0,1
798,0.1160293308456196,-0.4755793081997694,1,0,0,0,0,0,0,0,0,0,0,0,0,0,0,0,0,0,3,0,0,2.0,0,0,1
799,0.03851181512498246,-0.5036932157780193,0,0,0,0,0,0,0,0,0,0,0,0,0,0,0,0,0,0,3,0,0,0.0,0,0,0
800,0.03851181512498246,-0.17654253332835926,1,1,0,0,0,0,0,0,0,1,0,0,0,0,0,0,0,0,3,0,0,2.0,0,0,0
801,0.34858187800753104,-0.3921192264701557,0,0,0,0,0,0,0,0,0,0,0,0,0,0,0,0,0,0,2,0,0,2.0,0,0,0
802,0.1160293308456196,-0.13594064493394017,1,1,0,0,0,0,0,0,0,1,0,0,0,0,0,0,0,0,2,0,0,2.0,0,0,1
803,-1.4343209835671233,1.6766436583883395,0,1,0,0,0,0,0,0,0,2,0,0,0,0,0,0,0,0,1,0,0,2.0,0,0,1
804,-2.2544562998914643,-0.4788003913457266,0,0,0,0,0,0,0,0,0,1,0,0,0,0,0,0,0,0,3,0,0,0.0,0,0,1
805,-0.19404073203692898,-0.5086079776970008,0,0,0,0,0,0,0,0,0,0,0,0,0,0,0,0,0,0,3,0,0,2.0,0,0,1
806,0.1160293308456196,-0.4931405916419841,0,0,0,0,0,0,0,0,0,0,0,0,0,0,0,0,0,0,3,0,0,2.0,0,0,0
807,0.7361694566107168,-0.6434642498641785,0,0,0,0,0,0,0,0,0,0,0,0,0,0,0,0,0,0,1,0,0,2.0,0,0,0
808,-0.8916983735226632,-0.4931405916419841,1,0,0,0,0,0,0,0,0,0,0,0,0,0,0,0,0,0,3,0,0,2.0,0,0,0
809,0.7361694566107168,-0.3921192264701557,0,0,0,0,0,0,0,0,0,0,0,0,0,0,0,0,0,0,2,0,0,2.0,0,0,0
810,0.2710643622868939,0.38318349953756076,1,1,0,0,0,0,0,0,0,0,0,0,0,0,0,0,0,0,1,0,0,2.0,0,0,1
811,-0.2715582477575661,-0.49096549047799737,0,0,0,0,0,0,0,0,0,0,0,0,0,0,0,0,0,0,3,0,0,2.0,0,0,0
812,0.7361694566107168,-0.17654253332835926,0,0,0,0,0,0,0,0,0,0,0,0,0,0,0,0,0,0,3,0,0,2.0,0,0,0
813,0.4260993937281682,-0.44045480789208313,0,0,0,0,0,0,0,0,0,0,0,0,0,0,0,0,0,0,2,0,0,2.0,0,0,0
814,-1.821908562170309,-0.038786126275866,1,4,0,0,0,0,0,0,0,2,0,0,0,0,0,0,0,0,3,0,0,2.0,0,0,0
815,0.07727057298530103,-0.48782367768557205,0,0,0,0,0,0,0,0,0,0,0,0,0,0,0,0,0,0,3,0,0,2.0,0,0,0
816,-0.11652321631629182,-0.6434642498641785,0,0,0,0,0,0,0,0,0,0,0,0,0,0,0,0,0,0,1,0,0,2.0,0,0,0
817,-0.5041107949194775,-0.4902404567566684,1,0,0,0,0,0,0,0,0,0,0,0,0,0,0,0,0,0,3,0,0,2.0,0,0,0
818,0.1160293308456196,0.07198355895713669,0,1,0,0,0,0,0,0,0,1,0,0,0,0,0,0,0,0,2,0,0,0.0,0,0,0
819,1.0462395194932654,-0.5187584497956056,0,0,0,0,0,0,0,0,0,0,0,0,0,0,0,0,0,0,3,0,0,2.0,0,0,0
820,-1.5118384992877605,-0.10403916119546806,0,3,0,0,0,0,0,0,0,2,0,0,0,0,0,0,0,0,3,0,0,2.0,0,0,0
821,1.7438971609789997,1.1642864953159084,1,1,0,0,0,0,0,0,0,1,0,0,0,0,0,0,0,0,1,0,0,2.0,0,0,1
822,-0.19404073203692898,-0.4759814602371998,0,0,0,0,0,0,0,0,0,0,0,0,0,0,0,0,0,0,3,0,0,2.0,0,0,1
823,0.6586519408900796,-0.6434642498641785,0,0,0,0,0,0,0,0,0,0,0,0,0,0,0,0,0,0,1,0,0,2.0,0,0,0
824,-0.19404073203692898,-0.40226969856876044,1,0,0,0,0,0,0,0,0,1,0,0,0,0,0,0,0,0,3,0,0,2.0,0,0,1
825,-2.1319786250528576,0.12386310520891992,0,4,0,0,0,0,0,0,0,1,0,0,0,0,0,0,0,0,3,0,0,2.0,0,0,0
826,-0.11652321631629182,-0.5090913335112202,0,0,0,0,0,0,0,0,0,0,0,0,0,0,0,0,0,0,3,0,0,1.0,0,0,0
827,-0.11652321631629182,0.4488386864945933,0,0,0,0,0,0,0,0,0,0,0,0,0,0,0,0,0,0,3,0,0,2.0,0,0,0
828,-2.2094961407734948,0.07198355895713669,0,0,0,0,0,0,0,0,0,2,0,0,0,0,0,0,0,0,2,0,0,0.0,0,0,1
829,-0.11652321631629182,-0.49362394745620336,0,0,0,0,0,0,0,0,0,0,0,0,0,0,0,0,0,0,3,0,0,1.0,0,0,1
830,2.519072318185371,0.9032743556375001,1,0,0,0,0,0,0,0,0,0,0,0,0,0,0,0,0,0,1,0,0,2.0,0,0,1
831,-1.1242509206845748,-0.3640033854686489,1,1,0,0,0,0,0,0,0,0,0,0,0,0,0,0,0,0,3,0,0,0.0,0,0,1
832,-2.2226741184460033,-0.2809473891997225,0,1,0,0,0,0,0,0,0,1,0,0,0,0,0,0,0,0,2,0,0,2.0,0,0,1
833,-0.11652321631629182,-0.5036932157780193,0,0,0,0,0,0,0,0,0,0,0,0,0,0,0,0,0,0,3,0,0,0.0,0,0,0
834,-0.5041107949194775,-0.4916093204225374,0,0,0,0,0,0,0,0,0,0,0,0,0,0,0,0,0,0,3,0,0,2.0,0,0,0
835,-0.8916983735226632,-0.4829901195433793,0,0,0,0,0,0,0,0,0,0,0,0,0,0,0,0,0,0,3,0,0,2.0,0,0,0
836,0.7361694566107168,0.9643376623594495,1,1,0,0,0,0,0,0,0,1,0,0,0,0,0,0,0,0,1,0,0,0.0,0,0,1
837,-0.6591458263607518,-0.4759814602371998,0,0,0,0,0,0,0,0,0,0,0,0,0,0,0,0,0,0,3,0,0,2.0,0,0,0
838,-0.11652321631629182,-0.48782367768557205,0,0,0,0,0,0,0,0,0,0,0,0,0,0,0,0,0,0,3,0,0,2.0,0,0,0
839,0.19354684656625676,0.4488386864945933,0,0,0,0,0,0,0,0,0,0,0,0,0,0,0,0,0,0,3,0,0,2.0,0,0,1
840,-0.11652321631629182,-0.06923754257168029,0,0,0,0,0,0,0,0,0,0,0,0,0,0,0,0,0,0,1,0,0,0.0,0,0,1
841,-0.736663342081389,-0.4902404567566684,0,0,0,0,0,0,0,0,0,0,0,0,0,0,0,0,0,0,3,0,0,2.0,0,0,0
842,-1.0467334049639376,-0.44045480789208313,0,0,0,0,0,0,0,0,0,0,0,0,0,0,0,0,0,0,2,0,0,2.0,0,0,0
843,0.03851181512498246,-0.04410304023227799,1,0,0,0,0,0,0,0,0,0,0,0,0,0,0,0,0,0,1,0,0,0.0,0,0,1
844,0.3873406358678496,-0.5190001277027153,0,0,0,0,0,0,0,0,0,0,0,0,0,0,0,0,0,0,3,0,0,0.0,0,0,0
845,-0.9692158892433004,-0.4759814602371998,0,0,0,0,0,0,0,0,0,0,0,0,0,0,0,0,0,0,3,0,0,2.0,0,0,0
846,0.9687220037726282,-0.49749079396995755,0,0,0,0,0,0,0,0,0,0,0,0,0,0,0,0,0,0,3,0,0,2.0,0,0,0
847,-0.11652321631629182,0.7012316252938433,0,8,0,0,0,0,0,0,0,2,0,0,0,0,0,0,0,0,3,0,0,2.0,0,0,0
848,0.4260993937281682,-0.4908050163476765,0,0,0,0,0,0,0,0,0,0,0,0,0,0,0,0,0,0,3,0,0,0.0,0,0,0
849,-0.11652321631629182,-0.005434575094736029,0,0,0,0,0,0,0,0,0,1,0,0,0,0,0,0,0,0,2,0,0,2.0,0,0,0
850,-0.11652321631629182,1.079297075790105,1,1,0,0,0,0,0,0,0,0,0,0,0,0,0,0,0,0,1,0,0,0.0,0,0,1
851,-1.9769435936115833,-0.038786126275866,0,4,0,0,0,0,0,0,0,2,0,0,0,0,0,0,0,0,3,0,0,2.0,0,0,0
852,3.4492825068330166,-0.4931405916419841,0,0,0,0,0,0,0,0,0,0,0,0,0,0,0,0,0,0,3,0,0,2.0,0,0,0
853,-1.5893560150083976,-0.34869840696720983,1,1,0,0,0,0,0,0,0,1,0,0,0,0,0,0,0,0,3,0,0,0.0,0,0,0
854,-1.0467334049639376,0.11830451334539824,1,0,0,0,0,0,0,0,0,1,0,0,0,0,0,0,0,0,1,0,0,2.0,0,0,1
855,1.1237570352139026,-0.14077420307613292,1,1,0,0,0,0,0,0,0,0,0,0,0,0,0,0,0,0,2,0,0,2.0,0,0,0
856,-0.8916983735226632,-0.46268917534616977,1,0,0,0,0,0,0,0,0,1,0,0,0,0,0,0,0,0,3,0,0,2.0,0,0,1
857,1.2012745509345397,2.544106870781617,1,1,0,0,0,0,0,0,0,1,0,0,0,0,0,0,0,0,1,0,0,2.0,0,0,1
858,1.6663796452583626,-0.13014037516330884,0,0,0,0,0,0,0,0,0,0,0,0,0,0,0,0,0,0,1,0,0,2.0,0,0,1
859,-0.4265932791988404,-0.2711197987850163,1,0,0,0,0,0,0,0,0,3,0,0,0,0,0,0,0,0,3,0,0,0.0,0,0,1
860,-0.11652321631629182,-0.5036932157780193,0,0,0,0,0,0,0,0,0,0,0,0,0,0,0,0,0,0,3,0,0,0.0,0,0,0
861,0.891204488051991,-0.3706910965141868,0,2,0,0,0,0,0,0,0,0,0,0,0,0,0,0,0,0,3,0,0,2.0,0,0,0
862,-0.6591458263607518,-0.42112057532331215,0,1,0,0,0,0,0,0,0,0,0,0,0,0,0,0,0,0,2,0,0,2.0,0,0,0
863,1.4338270980964511,-0.14214306674200186,1,0,0,0,0,0,0,0,0,0,0,0,0,0,0,0,0,0,1,0,0,2.0,0,0,1
864,-0.11652321631629182,0.7012316252938433,1,8,0,0,0,0,0,0,0,2,0,0,0,0,0,0,0,0,3,0,0,2.0,0,0,0
865,-0.4265932791988404,-0.3921192264701557,0,0,0,0,0,0,0,0,0,0,0,0,0,0,0,0,0,0,2,0,0,2.0,0,0,0
866,0.9687220037726282,-0.3921192264701557,1,0,0,0,0,0,0,0,0,0,0,0,0,0,0,0,0,0,2,0,0,2.0,0,0,1
867,-0.19404073203692898,-0.3755246546563796,1,1,0,0,0,0,0,0,0,0,0,0,0,0,0,0,0,0,2,0,0,0.0,0,0,1
868,0.1160293308456196,0.3328332910819674,0,0,0,0,0,0,0,0,0,0,0,0,0,0,0,0,0,0,1,0,0,2.0,0,0,0
869,-0.11652321631629182,-0.4597890404608541,0,0,0,0,0,0,0,0,0,0,0,0,0,0,0,0,0,0,3,0,0,2.0,0,0,0
870,-1.9769435936115833,-0.4282104384062805,0,1,0,0,0,0,0,0,0,1,0,0,0,0,0,0,0,0,3,0,0,2.0,0,0,1
871,-0.2715582477575661,-0.4908050163476765,0,0,0,0,0,0,0,0,0,0,0,0,0,0,0,0,0,0,3,0,0,2.0,0,0,0
872,1.356309582375814,0.37263087540152556,1,1,0,0,0,0,0,0,0,1,0,0,0,0,0,0,0,0,1,0,0,2.0,0,0,1
873,0.2710643622868939,-0.5467930870203236,0,0,0,0,0,0,0,0,0,0,0,0,0,0,0,0,0,0,1,0,0,2.0,0,0,0
874,1.356309582375814,-0.4694561567452396,0,0,0,0,0,0,0,0,0,0,0,0,0,0,0,0,0,0,3,0,0,2.0,0,0,0
875,-0.11652321631629182,-0.17944266821367488,1,1,0,0,0,0,0,0,0,0,0,0,0,0,0,0,0,0,2,0,0,0.0,0,0,1
876,-1.1242509206845748,-0.5037744195548081,1,0,0,0,0,0,0,0,0,0,0,0,0,0,0,0,0,0,3,0,0,0.0,0,0,1
877,-0.736663342081389,-0.4531032628385731,0,0,0,0,0,0,0,0,0,0,0,0,0,0,0,0,0,0,3,0,0,2.0,0,0,0
878,-0.8141808578020261,-0.4908050163476765,0,0,0,0,0,0,0,0,0,0,0,0,0,0,0,0,0,0,3,0,0,2.0,0,0,0
879,-0.11652321631629182,-0.4908050163476765,0,0,0,0,0,0,0,0,0,0,0,0,0,0,0,0,0,0,3,0,0,2.0,0,0,0
880,2.053967223861548,0.9643376623594495,1,0,0,0,0,0,0,0,0,1,0,0,0,0,0,0,0,0,1,0,0,0.0,0,0,1
881,-0.34907576347820324,-0.14077420307613292,1,0,0,0,0,0,0,0,0,1,0,0,0,0,0,0,0,0,2,0,0,2.0,0,0,1
882,0.2710643622868939,-0.4908050163476765,0,0,0,0,0,0,0,0,0,0,0,0,0,0,0,0,0,0,3,0,0,2.0,0,0,0
883,-0.5816283106401147,-0.44013192620818464,1,0,0,0,0,0,0,0,0,0,0,0,0,0,0,0,0,0,3,0,0,2.0,0,0,0
884,-0.11652321631629182,-0.44045480789208313,0,0,0,0,0,0,0,0,0,0,0,0,0,0,0,0,0,0,2,0,0,2.0,0,0,0
885,-0.34907576347820324,-0.507157910254343,0,0,0,0,0,0,0,0,0,0,0,0,0,0,0,0,0,0,3,0,0,2.0,0,0,0
886,0.7361694566107168,-0.08035472629872359,1,0,0,0,0,0,0,0,0,5,0,0,0,0,0,0,0,0,3,0,0,1.0,0,0,0
887,-0.19404073203692898,-0.3921192264701557,0,0,0,0,0,0,0,0,0,0,0,0,0,0,0,0,0,0,2,0,0,2.0,0,0,0
888,-0.8141808578020261,-0.06343727280104898,1,0,0,0,0,0,0,0,0,0,0,0,0,0,0,0,0,0,1,0,0,2.0,0,0,1
889,-0.11652321631629182,-0.19007649612649893,1,1,0,0,0,0,0,0,0,2,0,0,0,0,0,0,0,0,3,0,0,2.0,0,0,0
890,-0.2715582477575661,-0.06343727280104898,0,0,0,0,0,0,0,0,0,0,0,0,0,0,0,0,0,0,1,0,0,0.0,0,0,1
891,0.19354684656625676,-0.49362394745620336,0,0,0,0,0,0,0,0,0,0,0,0,0,0,0,0,0,0,3,0,0,1.0,0,0,0
892,0.3873406358678496,-0.4920926762367567,0,0,0,0,0,0,0,0,0,0,0,0,0,0,0,0,0,0,3,0,0,1.0,0,0,0
893,1.356309582375814,-0.5081246218827816,1,1,0,0,0,0,0,0,0,0,0,0,0,0,0,0,0,0,3,0,0,2.0,0,0,0
894,2.519072318185371,-0.4561638718542096,0,0,0,0,0,0,0,0,0,0,0,0,0,0,0,0,0,0,2,0,0,1.0,0,0,0
895,-0.19404073203692898,-0.4759814602371998,0,0,0,0,0,0,0,0,0,0,0,0,0,0,0,0,0,0,3,0,0,2.0,0,0,0
896,-0.5816283106401147,-0.40589486717540496,1,1,0,0,0,0,0,0,0,1,0,0,0,0,0,0,0,0,3,0,0,2.0,0,0,0
897,-1.201768436405212,-0.4651059544172661,0,0,0,0,0,0,0,0,0,0,0,0,0,0,0,0,0,0,3,0,0,2.0,0,0,0
898,0.03851181512498246,-0.49595952275051086,1,0,0,0,0,0,0,0,0,0,0,0,0,0,0,0,0,0,3,0,0,1.0,0,0,0
899,-0.2715582477575661,-0.08277150536981996,0,1,0,0,0,0,0,0,0,1,0,0,0,0,0,0,0,0,2,0,0,2.0,0,0,0
900,-0.8916983735226632,-0.5036932157780193,1,0,0,0,0,0,0,0,0,0,0,0,0,0,0,0,0,0,3,0,0,0.0,0,0,0
901,-0.6591458263607518,-0.17654253332835926,0,2,0,0,0,0,0,0,0,0,0,0,0,0,0,0,0,0,3,0,0,2.0,0,0,0
902,-0.11652321631629182,-0.4908050163476765,0,0,0,0,0,0,0,0,0,0,0,0,0,0,0,0,0,0,3,0,0,2.0,0,0,0
903,1.2787920666551769,-0.14077420307613292,0,0,0,0,0,0,0,0,0,0,0,0,0,0,0,0,0,0,1,0,0,2.0,0,0,0
904,-0.5041107949194775,0.9470992606011334,1,1,0,0,0,0,0,0,0,0,0,0,0,0,0,0,0,0,1,0,0,2.0,0,0,0
905,2.596589833906008,-0.14077420307613292,0,1,0,0,0,0,0,0,0,0,0,0,0,0,0,0,0,0,2,0,0,2.0,0,0,0
906,1.356309582375814,0.5393074275303864,1,1,0,0,0,0,0,0,0,0,0,0,0,0,0,0,0,0,1,0,0,2.0,0,0,0
907,-0.4265932791988404,-0.10750385567179178,1,1,0,0,0,0,0,0,0,0,0,0,0,0,0,0,0,0,2,0,0,0.0,0,0,0
908,0.4260993937281682,-0.40468647763985677,0,0,0,0,0,0,0,0,0,0,0,0,0,0,0,0,0,0,2,0,0,1.0,0,0,0
909,-0.6591458263607518,-0.5037744195548081,0,0,0,0,0,0,0,0,0,0,0,0,0,0,0,0,0,0,3,0,0,0.0,0,0,0
910,-0.19404073203692898,-0.4902404567566684,1,1,0,0,0,0,0,0,0,0,0,0,0,0,0,0,0,0,3,0,0,2.0,0,0,0
911,1.2012745509345397,-0.5037744195548081,1,0,0,0,0,0,0,0,0,0,0,0,0,0,0,0,0,0,3,0,0,0.0,0,0,0
912,1.9764497081409111,0.5049891647208179,0,1,0,0,0,0,0,0,0,0,0,0,0,0,0,0,0,0,1,0,0,0.0,0,0,0
913,-1.5893560150083976,-0.5821592652351194,0,0,0,0,0,0,0,0,0,1,0,0,0,0,0,0,0,0,3,0,0,2.0,0,0,0
914,-0.11652321631629182,-0.0308919591180368,1,0,0,0,0,0,0,0,0,0,0,0,0,0,0,0,0,0,1,0,0,2.0,0,0,0
915,-0.6591458263607518,0.5432554778209294,0,0,0,0,0,0,0,0,0,1,0,0,0,0,0,0,0,0,1,0,0,0.0,0,0,0
916,1.4338270980964511,4.429355020367108,1,1,0,0,0,0,0,0,0,3,0,0,0,0,0,0,0,0,1,0,0,0.0,0,0,0
917,1.5888621295377254,-0.3631178776169992,0,1,0,0,0,0,0,0,0,0,0,0,0,0,0,0,0,0,3,0,0,2.0,0,0,0
918,-0.5816283106401147,0.554856017362192,1,0,0,0,0,0,0,0,0,1,0,0,0,0,0,0,0,0,1,0,0,0.0,0,0,0
919,-0.5428695527797961,-0.5037744195548081,0,0,0,0,0,0,0,0,0,0,0,0,0,0,0,0,0,0,3,0,0,0.0,0,0,0
920,0.891204488051991,-0.05377015651666348,0,0,0,0,0,0,0,0,0,0,0,0,0,0,0,0,0,0,1,0,0,2.0,0,0,0
921,-0.11652321631629182,-0.22431355515927853,0,2,0,0,0,0,0,0,0,0,0,0,0,0,0,0,0,0,3,0,0,0.0,0,0,0
922,1.5888621295377254,-0.14077420307613292,0,1,0,0,0,0,0,0,0,0,0,0,0,0,0,0,0,0,2,0,0,2.0,0,0,0
923,-0.4265932791988404,-0.0344359239478925,0,2,0,0,0,0,0,0,0,0,0,0,0,0,0,0,0,0,2,0,0,2.0,0,0,0
924,0.2710643622868939,-0.2456624147617155,1,1,0,0,0,0,0,0,0,2,0,0,0,0,0,0,0,0,3,0,0,2.0,0,0,0
925,-0.11652321631629182,-0.19007649612649893,1,1,0,0,0,0,0,0,0,2,0,0,0,0,0,0,0,0,3,0,0,2.0,0,0,0
926,0.03851181512498246,0.47308768098234577,0,1,0,0,0,0,0,0,0,0,0,0,0,0,0,0,0,0,1,0,0,0.0,0,0,0
927,-0.8529396156623447,-0.5036932157780193,0,0,0,0,0,0,0,0,0,0,0,0,0,0,0,0,0,0,3,0,0,0.0,0,0,0
928,-0.11652321631629182,-0.48782367768557205,1,0,0,0,0,0,0,0,0,0,0,0,0,0,0,0,0,0,3,0,0,2.0,0,0,0
929,-0.6591458263607518,-0.4759814602371998,1,0,0,0,0,0,0,0,0,0,0,0,0,0,0,0,0,0,3,0,0,2.0,0,0,0
930,-0.34907576347820324,-0.4597890404608541,0,0,0,0,0,0,0,0,0,0,0,0,0,0,0,0,0,0,3,0,0,2.0,0,0,0
931,-0.11652321631629182,0.4488386864945933,0,0,0,0,0,0,0,0,0,0,0,0,0,0,0,0,0,0,3,0,0,2.0,0,0,0
932,0.7361694566107168,-0.3840626517587488,0,0,0,0,0,0,0,0,0,1,0,0,0,0,0,0,0,0,3,0,0,0.0,0,0,0
933,-0.11652321631629182,-0.13014037516330884,0,0,0,0,0,0,0,0,0,0,0,0,0,0,0,0,0,0,1,0,0,2.0,0,0,0
934,0.891204488051991,-0.49169052419932624,0,0,0,0,0,0,0,0,0,0,0,0,0,0,0,0,0,0,3,0,0,2.0,0,0,0
935,0.03851181512498246,-0.3921192264701557,1,0,0,0,0,0,0,0,0,0,0,0,0,0,0,0,0,0,2,0,0,2.0,0,0,0
936,1.2012745509345397,0.37263087540152556,1,1,0,0,0,0,0,0,0,0,0,0,0,0,0,0,0,0,1,0,0,2.0,0,0,0
937,-0.34907576347820324,-0.4902404567566684,0,0,0,0,0,0,0,0,0,0,0,0,0,0,0,0,0,0,3,0,0,2.0,0,0,0
938,1.2012745509345397,-0.06923754257168029,0,0,0,0,0,0,0,0,0,0,0,0,0,0,0,0,0,0,1,0,0,0.0,0,0,0
939,-0.11652321631629182,-0.49362394745620336,0,0,0,0,0,0,0,0,0,0,0,0,0,0,0,0,0,0,3,0,0,1.0,0,0,0
940,2.3640372867440966,0.8315772210027268,1,0,0,0,0,0,0,0,0,0,0,0,0,0,0,0,0,0,1,0,0,0.0,0,0,0
941,0.5036169094488053,-0.33604995202071986,1,0,0,0,0,0,0,0,0,2,0,0,0,0,0,0,0,0,3,0,0,2.0,0,0,0
942,-0.4265932791988404,0.5165897042620805,0,1,0,0,0,0,0,0,0,0,0,0,0,0,0,0,0,0,1,0,0,2.0,0,0,0
943,-0.19404073203692898,-0.3528069313880736,0,0,0,0,0,0,0,0,0,0,0,0,0,0,0,0,0,0,2,0,0,0.0,0,0,0
944,-0.736663342081389,-0.19877690078244586,1,2,0,0,0,0,0,0,0,1,0,0,0,0,0,0,0,0,2,0,0,2.0,0,0,0
945,-0.11652321631629182,4.44143891572259,1,3,0,0,0,0,0,0,0,2,0,0,0,0,0,0,0,0,1,0,0,2.0,0,0,0
946,-0.11652321631629182,-0.34225237382878154,0,0,0,0,0,0,0,0,0,0,0,0,0,0,0,0,0,0,2,0,0,0.0,0,0,0
947,-1.5118384992877605,-0.08035472629872359,0,4,0,0,0,0,0,0,0,1,0,0,0,0,0,0,0,0,3,0,0,1.0,0,0,0
948,0.4260993937281682,-0.4908050163476765,0,0,0,0,0,0,0,0,0,0,0,0,0,0,0,0,0,0,3,0,0,2.0,0,0,0
949,-0.34907576347820324,-0.4955573707130805,0,0,0,0,0,0,0,0,0,0,0,0,0,0,0,0,0,0,3,0,0,2.0,0,0,0
950,-0.11652321631629182,-0.3321831055069656,0,1,0,0,0,0,0,0,0,0,0,0,0,0,0,0,0,0,3,0,0,2.0,0,0,0
951,0.5036169094488053,4.429355020367108,1,0,0,0,0,0,0,0,0,0,0,0,0,0,0,0,0,0,1,0,0,0.0,0,0,0
952,-0.9692158892433004,-0.4908050163476765,0,0,0,0,0,0,0,0,0,0,0,0,0,0,0,0,0,0,3,0,0,2.0,0,0,0
953,0.19354684656625676,-0.3824521101857702,0,0,0,0,0,0,0,0,0,0,0,0,0,0,0,0,0,0,2,0,0,2.0,0,0,0
954,-0.8916983735226632,-0.49362394745620336,0,0,0,0,0,0,0,0,0,0,0,0,0,0,0,0,0,0,3,0,0,2.0,0,0,0
955,-0.5816283106401147,-0.49410730327042257,1,0,0,0,0,0,0,0,0,0,0,0,0,0,0,0,0,0,3,0,0,1.0,0,0,0
956,-1.279285952125849,4.429355020367108,0,2,0,0,0,0,0,0,0,2,0,0,0,0,0,0,0,0,1,0,0,0.0,0,0,0
957,-0.11652321631629182,-0.23744536591998783,1,0,0,0,0,0,0,0,0,0,0,0,0,0,0,0,0,0,2,0,0,2.0,0,0,0
958,-0.8916983735226632,-0.4911259646083181,1,0,0,0,0,0,0,0,0,0,0,0,0,0,0,0,0,0,3,0,0,1.0,0,0,0
959,1.356309582375814,0.17630721105171118,0,0,0,0,0,0,0,0,0,0,0,0,0,0,0,0,0,0,1,0,0,2.0,0,0,0
960,0.1160293308456196,-0.09171358793287651,0,0,0,0,0,0,0,0,0,0,0,0,0,0,0,0,0,0,1,0,0,0.0,0,0,0
961,2.3640372867440966,4.44143891572259,1,1,0,0,0,0,0,0,0,4,0,0,0,0,0,0,0,0,1,0,0,2.0,0,0,0
962,-0.4265932791988404,-0.49362394745620336,1,0,0,0,0,0,0,0,0,0,0,0,0,0,0,0,0,0,3,0,0,1.0,0,0,0
963,-0.6591458263607518,-0.4908050163476765,0,0,0,0,0,0,0,0,0,0,0,0,0,0,0,0,0,0,3,0,0,2.0,0,0,0
964,-0.03900570059565468,-0.4902404567566684,1,0,0,0,0,0,0,0,0,0,0,0,0,0,0,0,0,0,3,0,0,2.0,0,0,0
965,-0.07776445845597325,-0.10750385567179178,0,0,0,0,0,0,0,0,0,0,0,0,0,0,0,0,0,0,1,0,0,0.0,0,0,0
966,0.4260993937281682,3.4457259384308845,1,0,0,0,0,0,0,0,0,0,0,0,0,0,0,0,0,0,1,0,0,0.0,0,0,0
967,0.23230560442657533,3.4457259384308845,0,0,0,0,0,0,0,0,0,0,0,0,0,0,0,0,0,0,1,0,0,0.0,0,0,0
968,-0.11652321631629182,-0.48782367768557205,0,0,0,0,0,0,0,0,0,0,0,0,0,0,0,0,0,0,3,0,0,2.0,0,0,0
969,1.9764497081409111,-0.14657447284676423,1,2,0,0,0,0,0,0,0,0,0,0,0,0,0,0,0,0,1,0,0,2.0,0,0,0
970,0.03851181512498246,-0.3921192264701557,0,0,0,0,0,0,0,0,0,0,0,0,0,0,0,0,0,0,2,0,0,2.0,0,0,0
971,-0.4265932791988404,-0.49362394745620336,1,0,0,0,0,0,0,0,0,0,0,0,0,0,0,0,0,0,3,0,0,1.0,0,0,0
972,-1.821908562170309,-0.34869840696720983,0,1,0,0,0,0,0,0,0,1,0,0,0,0,0,0,0,0,3,0,0,0.0,0,0,0
973,2.9066598967885566,3.644466381851795,0,1,0,0,0,0,0,0,0,0,0,0,0,0,0,0,0,0,1,0,0,2.0,0,0,0
974,1.5113446138170883,-0.14077420307613292,0,0,0,0,0,0,0,0,0,0,0,0,0,0,0,0,0,0,1,0,0,2.0,0,0,0
975,-0.11652321631629182,-0.4908050163476765,0,0,0,0,0,0,0,0,0,0,0,0,0,0,0,0,0,0,3,0,0,2.0,0,0,0
976,-0.11652321631629182,-0.4364274872480081,0,0,0,0,0,0,0,0,0,0,0,0,0,0,0,0,0,0,2,0,0,1.0,0,0,0
977,-0.11652321631629182,-0.3640033854686489,0,1,0,0,0,0,0,0,0,0,0,0,0,0,0,0,0,0,3,0,0,0.0,0,0,0
978,-0.19404073203692898,-0.4911259646083181,1,0,0,0,0,0,0,0,0,0,0,0,0,0,0,0,0,0,3,0,0,1.0,0,0,0
979,-0.8916983735226632,-0.48782367768557205,1,0,0,0,0,0,0,0,0,0,0,0,0,0,0,0,0,0,3,0,0,2.0,0,0,0
980,-0.11652321631629182,-0.49362394745620336,1,0,0,0,0,0,0,0,0,0,0,0,0,0,0,0,0,0,3,0,0,1.0,0,0,0
981,-2.1319786250528576,-0.19877690078244586,0,1,0,0,0,0,0,0,0,1,0,0,0,0,0,0,0,0,2,0,0,2.0,0,0,0
982,-0.5816283106401147,-0.3747184171582618,1,1,0,0,0,0,0,0,0,0,0,0,0,0,0,0,0,0,3,0,0,2.0,0,0,0
983,-0.11652321631629182,-0.4931405916419841,0,0,0,0,0,0,0,0,0,0,0,0,0,0,0,0,0,0,3,0,0,2.0,0,0,0
984,-0.19404073203692898,0.36191584371191265,1,1,0,0,0,0,0,0,0,2,0,0,0,0,0,0,0,0,1,0,0,2.0,0,0,0
985,-0.11652321631629182,-0.48782367768557205,0,0,0,0,0,0,0,0,0,0,0,0,0,0,0,0,0,0,3,0,0,2.0,0,0,0
986,-0.34907576347820324,-0.14077420307613292,0,0,0,0,0,0,0,0,0,0,0,0,0,0,0,0,0,0,1,0,0,0.0,0,0,0
987,-0.34907576347820324,-0.49273843960455366,0,0,0,0,0,0,0,0,0,0,0,0,0,0,0,0,0,0,3,0,0,2.0,0,0,0
988,3.604317538274291,0.8810399881834134,1,1,0,0,0,0,0,0,0,0,0,0,0,0,0,0,0,0,1,0,0,2.0,0,0,0
989,-0.03900570059565468,-0.4902404567566684,0,0,0,0,0,0,0,0,0,0,0,0,0,0,0,0,0,0,3,0,0,2.0,0,0,0
990,-0.736663342081389,-0.4916093204225374,1,0,0,0,0,0,0,0,0,0,0,0,0,0,0,0,0,0,3,0,0,2.0,0,0,0
991,0.2710643622868939,-0.48782367768557205,0,0,0,0,0,0,0,0,0,0,0,0,0,0,0,0,0,0,3,0,0,2.0,0,0,0
992,1.0462395194932654,0.42845847194385167,1,1,0,0,0,0,0,0,0,0,0,0,0,0,0,0,0,0,1,0,0,0.0,0,0,0
993,-0.19404073203692898,-0.14077420307613292,0,1,0,0,0,0,0,0,0,0,0,0,0,0,0,0,0,0,2,0,0,2.0,0,0,0
994,-0.11652321631629182,-0.49362394745620336,0,0,0,0,0,0,0,0,0,0,0,0,0,0,0,0,0,0,3,0,0,1.0,0,0,0
995,-0.2715582477575661,-0.4931405916419841,0,0,0,0,0,0,0,0,0,0,0,0,0,0,0,0,0,0,3,0,0,2.0,0,0,0
996,-1.0467334049639376,-0.4788003913457266,1,1,0,0,0,0,0,0,0,1,0,0,0,0,0,0,0,0,3,0,0,0.0,0,0,0
997,-0.11652321631629182,-0.2079606612526121,0,0,0,0,0,0,0,0,0,0,0,0,0,0,0,0,0,0,3,0,0,2.0,0,0,0
998,-0.6591458263607518,-0.4922550837903344,0,0,0,0,0,0,0,0,0,0,0,0,0,0,0,0,0,0,3,0,0,1.0,0,0,0
999,-0.11652321631629182,-0.49362394745620336,0,0,0,0,0,0,0,0,0,0,0,0,0,0,0,0,0,0,3,0,0,1.0,0,0,0
1000,-0.11652321631629182,-0.4750147486087613,0,0,0,0,0,0,0,0,0,0,0,0,0,0,0,0,0,0,3,0,0,2.0,0,0,0
1001,-0.8529396156623447,-0.3921192264701557,0,0,0,0,0,0,0,0,0,0,0,0,0,0,0,0,0,0,2,0,0,2.0,0,0,0
1002,0.891204488051991,-0.352565253480964,0,0,0,0,0,0,0,0,0,0,0,0,0,0,0,0,0,0,2,0,0,0.0,0,0,0
1003,-0.11652321631629182,-0.49305938786519526,1,0,0,0,0,0,0,0,0,0,0,0,0,0,0,0,0,0,3,0,0,1.0,0,0,0
1004,0.5036169094488053,-0.03097122947156871,1,0,0,0,0,0,0,0,0,0,0,0,0,0,0,0,0,0,1,0,0,0.0,0,0,0
1005,-0.8529396156623447,-0.5026472337960487,1,0,0,0,0,0,0,0,0,0,0,0,0,0,0,0,0,0,3,0,0,1.0,0,0,0
1006,2.596589833906008,3.644466381851795,1,1,0,0,0,0,0,0,0,0,0,0,0,0,0,0,0,0,1,0,0,2.0,0,0,0
1007,-0.8916983735226632,-0.3640033854686489,0,1,0,0,0,0,0,0,0,0,0,0,0,0,0,0,0,0,3,0,0,0.0,0,0,0
1008,-0.11652321631629182,-0.5190001277027153,0,0,0,0,0,0,0,0,0,0,0,0,0,0,0,0,0,0,3,0,0,0.0,0,0,0
1009,-2.2094961407734948,-0.32058256596570306,1,1,0,0,0,0,0,0,0,1,0,0,0,0,0,0,0,0,3,0,0,2.0,0,0,0
1010,0.5036169094488053,0.8112762768055171,0,0,0,0,0,0,0,0,0,0,0,0,0,0,0,0,0,0,1,0,0,0.0,0,0,0
1011,-0.03900570059565468,-0.14077420307613292,1,1,0,0,0,0,0,0,0,0,0,0,0,0,0,0,0,0,2,0,0,2.0,0,0,0
1012,-1.3568034678464862,-0.3389500869060355,1,0,0,0,0,0,0,0,0,0,0,0,0,0,0,0,0,0,2,0,0,2.0,0,0,0
1013,-0.11652321631629182,-0.49362394745620336,0,1,0,0,0,0,0,0,0,0,0,0,0,0,0,0,0,0,3,0,0,1.0,0,0,0
1014,0.4260993937281682,0.47308768098234577,1,1,0,0,0,0,0,0,0,0,0,0,0,0,0,0,0,0,1,0,0,0.0,0,0,0
1015,-0.11652321631629182,-0.5032910637405889,0,0,0,0,0,0,0,0,0,0,0,0,0,0,0,0,0,0,3,0,0,2.0,0,0,0
1016,-0.11652321631629182,-0.49362394745620336,0,0,0,0,0,0,0,0,0,0,0,0,0,0,0,0,0,0,3,0,0,1.0,0,0,0
1017,-0.9692158892433004,-0.3321831055069656,1,0,0,0,0,0,0,0,0,1,0,0,0,0,0,0,0,0,3,0,0,2.0,0,0,0
1018,-0.5816283106401147,-0.49273843960455366,0,0,0,0,0,0,0,0,0,0,0,0,0,0,0,0,0,0,3,0,0,2.0,0,0,0
1019,-0.11652321631629182,-0.19394334264025312,1,2,0,0,0,0,0,0,0,0,0,0,0,0,0,0,0,0,3,0,0,1.0,0,0,0
1020,0.9687220037726282,-0.3921192264701557,0,0,0,0,0,0,0,0,0,0,0,0,0,0,0,0,0,0,2,0,0,2.0,0,0,0
1021,-0.4265932791988404,-0.48782367768557205,0,0,0,0,0,0,0,0,0,0,0,0,0,0,0,0,0,0,3,0,0,2.0,0,0,0
1022,0.19354684656625676,-0.48782367768557205,0,0,0,0,0,0,0,0,0,0,0,0,0,0,0,0,0,0,3,0,0,2.0,0,0,0
1023,1.8214146766996369,-0.09243862165420545,0,0,0,0,0,0,0,0,0,0,0,0,0,0,0,0,0,0,1,0,0,0.0,0,0,0
1024,-0.11652321631629182,-0.15108514930505848,1,0,0,0,0,0,0,0,0,4,0,0,0,0,0,0,0,0,3,0,0,2.0,0,0,0
1025,-0.11652321631629182,-0.5190001277027153,0,1,0,0,0,0,0,0,0,0,0,0,0,0,0,0,0,0,3,0,0,0.0,0,0,0
1026,1.0462395194932654,-0.4908050163476765,0,0,0,0,0,0,0,0,0,0,0,0,0,0,0,0,0,0,3,0,0,2.0,0,0,0
1027,-0.4265932791988404,-0.4916093204225374,0,0,0,0,0,0,0,0,0,0,0,0,0,0,0,0,0,0,3,0,0,2.0,0,0,0
1028,-0.23279948989724755,-0.5037744195548081,0,0,0,0,0,0,0,0,0,0,0,0,0,0,0,0,0,0,3,0,0,0.0,0,0,0
1029,-0.2715582477575661,-0.3921192264701557,0,0,0,0,0,0,0,0,0,0,0,0,0,0,0,0,0,0,2,0,0,2.0,0,0,0
1030,-0.5041107949194775,-0.48782367768557205,1,0,0,0,0,0,0,0,0,0,0,0,0,0,0,0,0,0,3,0,0,2.0,0,0,0
1031,0.8136869723313539,0.2633112576111806,0,1,0,0,0,0,0,0,0,6,0,0,0,0,0,0,0,0,3,0,0,2.0,0,0,0
1032,-1.5118384992877605,0.2633112576111806,1,5,0,0,0,0,0,0,0,2,0,0,0,0,0,0,0,0,3,0,0,2.0,0,0,0
1033,0.2710643622868939,2.286638695933064,1,0,0,0,0,0,0,0,0,0,0,0,0,0,0,0,0,0,1,0,0,2.0,0,0,0
1034,2.4415548024647338,4.429355020367108,0,1,0,0,0,0,0,0,0,3,0,0,0,0,0,0,0,0,1,0,0,0.0,0,0,0
1035,-0.11652321631629182,-0.14077420307613292,0,0,0,0,0,0,0,0,0,0,0,0,0,0,0,0,0,0,2,0,0,2.0,0,0,0
1036,0.9687220037726282,-0.13014037516330884,0,0,0,0,0,0,0,0,0,0,0,0,0,0,0,0,0,0,1,0,0,2.0,0,0,0
1037,0.1160293308456196,-0.29544806362630077,0,3,0,0,0,0,0,0,0,0,0,0,0,0,0,0,0,0,3,0,0,2.0,0,0,0
1038,-0.11652321631629182,0.35925738673370655,0,0,0,0,0,0,0,0,0,0,0,0,0,0,0,0,0,0,1,0,0,2.0,0,0,0
1039,-0.5816283106401147,-0.48782367768557205,0,0,0,0,0,0,0,0,0,0,0,0,0,0,0,0,0,0,3,0,0,2.0,0,0,0
1040,-0.11652321631629182,-0.13014037516330884,0,0,0,0,0,0,0,0,0,0,0,0,0,0,0,0,0,0,1,0,0,2.0,0,0,0
1041,0.03851181512498246,-0.14077420307613292,0,1,0,0,0,0,0,0,0,1,0,0,0,0,0,0,0,0,2,0,0,2.0,0,0,0
1042,-0.5041107949194775,0.9643376623594495,1,0,0,0,0,0,0,0,0,1,0,0,0,0,0,0,0,0,1,0,0,0.0,0,0,0
1043,-0.11652321631629182,-0.4908050163476765,0,0,0,0,0,0,0,0,0,0,0,0,0,0,0,0,0,0,3,0,0,0.0,0,0,0
1044,2.402796044604415,-0.3640033854686489,0,0,0,0,0,0,0,0,0,0,0,0,0,0,0,0,0,0,3,0,0,2.0,0,0,0
1045,0.5036169094488053,-0.40790949420907097,1,0,0,0,0,0,0,0,0,2,0,0,0,0,0,0,0,0,3,0,0,2.0,0,0,0
1046,-1.279285952125849,-0.036611025111879254,0,4,0,0,0,0,0,0,0,2,0,0,0,0,0,0,0,0,3,0,0,2.0,0,0,0
1047,-0.4265932791988404,-0.49749079396995755,0,0,0,0,0,0,0,0,0,0,0,0,0,0,0,0,0,0,3,0,0,2.0,0,0,0
1048,-0.03900570059565468,3.644466381851795,1,0,0,0,0,0,0,0,0,0,0,0,0,0,0,0,0,0,1,0,0,2.0,0,0,0
1049,-0.5041107949194775,-0.4916093204225374,1,0,0,0,0,0,0,0,0,0,0,0,0,0,0,0,0,0,3,0,0,2.0,0,0,0
1050,0.9687220037726282,-0.13014037516330884,0,0,0,0,0,0,0,0,0,0,0,0,0,0,0,0,0,0,1,0,0,2.0,0,0,0
1051,-0.2715582477575661,-0.3771351962293582,1,0,0,0,0,0,0,0,0,2,0,0,0,0,0,0,0,0,3,0,0,2.0,0,0,0
1052,-0.11652321631629182,-0.4939468291401018,1,0,0,0,0,0,0,0,0,0,0,0,0,0,0,0,0,0,3,0,0,1.0,0,0,0
1053,-1.744391046449672,-0.34869840696720983,0,1,0,0,0,0,0,0,0,1,0,0,0,0,0,0,0,0,3,0,0,0.0,0,0,0
1054,-0.2715582477575661,-0.3824521101857702,1,0,0,0,0,0,0,0,0,0,0,0,0,0,0,0,0,0,2,0,0,2.0,0,0,0
1055,-0.11652321631629182,-0.5081246218827816,0,0,0,0,0,0,0,0,0,0,0,0,0,0,0,0,0,0,3,0,0,2.0,0,0,0
1056,0.891204488051991,-0.3921192264701557,0,0,0,0,0,0,0,0,0,0,0,0,0,0,0,0,0,0,2,0,0,2.0,0,0,0
1057,-0.2715582477575661,-0.21762777753699758,1,1,0,0,0,0,0,0,0,1,0,0,0,0,0,0,0,0,3,0,0,2.0,0,0,0
1058,1.4338270980964511,0.3328332910819674,0,0,0,0,0,0,0,0,0,0,0,0,0,0,0,0,0,0,1,0,0,0.0,0,0,0
1059,-0.8916983735226632,0.02114999468732407,0,2,0,0,0,0,0,0,0,2,0,0,0,0,0,0,0,0,3,0,0,2.0,0,0,0
1060,-0.11652321631629182,-0.10750385567179178,1,0,0,0,0,0,0,0,0,0,0,0,0,0,0,0,0,0,1,0,0,0.0,0,0,0
1061,-0.5816283106401147,-0.47018119046656853,1,0,0,0,0,0,0,0,0,0,0,0,0,0,0,0,0,0,3,0,0,2.0,0,0,0
1062,-0.11652321631629182,-0.49749079396995755,0,0,0,0,0,0,0,0,0,0,0,0,0,0,0,0,0,0,3,0,0,2.0,0,0,0
1063,-0.19404073203692898,-0.5037744195548081,0,0,0,0,0,0,0,0,0,0,0,0,0,0,0,0,0,0,3,0,0,0.0,0,0,0
1064,-0.5041107949194775,-0.3747184171582618,0,1,0,0,0,0,0,0,0,0,0,0,0,0,0,0,0,0,3,0,0,2.0,0,0,0
1065,-0.11652321631629182,-0.5036932157780193,0,0,0,0,0,0,0,0,0,0,0,0,0,0,0,0,0,0,3,0,0,0.0,0,0,0
1066,0.8136869723313539,-0.036611025111879254,0,1,0,0,0,0,0,0,0,5,0,0,0,0,0,0,0,0,3,0,0,2.0,0,0,0
1067,-1.1242509206845748,0.11057082031788987,1,0,0,0,0,0,0,0,0,2,0,0,0,0,0,0,0,0,2,0,0,2.0,0,0,0
1068,-0.736663342081389,0.06706879703815516,1,0,0,0,0,0,0,0,0,0,0,0,0,0,0,0,0,0,2,0,0,2.0,0,0,0
1069,1.898932192420274,0.42845847194385167,0,1,0,0,0,0,0,0,0,0,0,0,0,0,0,0,0,0,1,0,0,0.0,0,0,0
1070,0.5036169094488053,0.11057082031788987,1,0,0,0,0,0,0,0,0,3,0,0,0,0,0,0,0,0,2,0,0,2.0,0,0,0
1071,2.674107349626645,0.9643376623594495,1,0,0,0,0,0,0,0,0,2,0,0,0,0,0,0,0,0,1,0,0,0.0,0,0,0
1072,0.03851181512498246,-0.3921192264701557,0,0,0,0,0,0,0,0,0,0,0,0,0,0,0,0,0,0,2,0,0,2.0,0,0,0
1073,0.5811344251694425,0.9643376623594495,0,1,0,0,0,0,0,0,0,1,0,0,0,0,0,0,0,0,1,0,0,0.0,0,0,0
1074,-0.8916983735226632,0.38318349953756076,1,1,0,0,0,0,0,0,0,0,0,0,0,0,0,0,0,0,1,0,0,2.0,0,0,0
1075,-0.11652321631629182,-0.49362394745620336,0,0,0,0,0,0,0,0,0,0,0,0,0,0,0,0,0,0,3,0,0,1.0,0,0,0
1076,-0.19404073203692898,4.14216046294407,1,1,0,0,0,0,0,0,0,1,0,0,0,0,0,0,0,0,1,0,0,0.0,0,0,0
1077,0.8136869723313539,-0.33411652876384274,0,0,0,0,0,0,0,0,0,0,0,0,0,0,0,0,0,0,2,0,0,2.0,0,0,0
1078,-0.6591458263607518,-0.23744536591998783,1,0,0,0,0,0,0,0,0,1,0,0,0,0,0,0,0,0,2,0,0,2.0,0,0,0
1079,-0.9692158892433004,-0.48782367768557205,0,2,0,0,0,0,0,0,0,0,0,0,0,0,0,0,0,0,3,0,0,2.0,0,0,0
1080,-0.11652321631629182,0.7012316252938433,1,8,0,0,0,0,0,0,0,2,0,0,0,0,0,0,0,0,3,0,0,2.0,0,0,0
1081,0.8136869723313539,-0.3921192264701557,0,0,0,0,0,0,0,0,0,0,0,0,0,0,0,0,0,0,2,0,0,2.0,0,0,0
1082,0.34858187800753104,-0.14077420307613292,0,1,0,0,0,0,0,0,0,0,0,0,0,0,0,0,0,0,2,0,0,2.0,0,0,0
1083,-0.11652321631629182,-0.14077420307613292,0,0,0,0,0,0,0,0,0,0,0,0,0,0,0,0,0,0,1,0,0,2.0,0,0,0
1084,-1.3955622257068048,-0.3631178776169992,0,1,0,0,0,0,0,0,0,1,0,0,0,0,0,0,0,0,3,0,0,2.0,0,0,0
1085,2.4415548024647338,-0.40468647763985677,0,0,0,0,0,0,0,0,0,0,0,0,0,0,0,0,0,0,2,0,0,1.0,0,0,0
1086,-1.6668735307290348,-0.015101691379121521,0,0,0,0,0,0,0,0,0,2,0,0,0,0,0,0,0,0,2,0,0,2.0,0,0,0
1087,0.2710643622868939,-0.4916093204225374,0,0,0,0,0,0,0,0,0,0,0,0,0,0,0,0,0,0,3,0,0,2.0,0,0,0
1088,-1.821908562170309,1.9569900306355188,0,0,0,0,0,0,0,0,0,2,0,0,0,0,0,0,0,0,1,0,0,0.0,0,0,0
1089,-0.8916983735226632,-0.4931405916419841,1,0,0,0,0,0,0,0,0,0,0,0,0,0,0,0,0,0,3,0,0,2.0,0,0,0
1090,-0.5041107949194775,-0.44045480789208313,0,0,0,0,0,0,0,0,0,0,0,0,0,0,0,0,0,0,2,0,0,2.0,0,0,0
1091,-0.11652321631629182,-0.48661528815002386,1,0,0,0,0,0,0,0,0,0,0,0,0,0,0,0,0,0,3,0,0,2.0,0,0,0
1092,-0.11652321631629182,-0.3437836450482282,1,0,0,0,0,0,0,0,0,0,0,0,0,0,0,0,0,0,3,0,0,1.0,0,0,0
1093,-2.261432876306322,-0.3650513008738763,0,0,0,0,0,0,0,0,0,2,0,0,0,0,0,0,0,0,3,0,0,2.0,0,0,0
1094,1.356309582375814,3.7555570153454396,0,1,0,0,0,0,0,0,0,0,0,0,0,0,0,0,0,0,1,0,0,0.0,0,0,0
1095,-1.6668735307290348,-0.14077420307613292,1,1,0,0,0,0,0,0,0,1,0,0,0,0,0,0,0,0,2,0,0,2.0,0,0,0
1096,-0.34907576347820324,-0.44045480789208313,0,0,0,0,0,0,0,0,0,0,0,0,0,0,0,0,0,0,2,0,0,2.0,0,0,0
1097,-0.11652321631629182,-0.1457682353486464,0,0,0,0,0,0,0,0,0,0,0,0,0,0,0,0,0,0,1,0,0,0.0,0,0,0
1098,0.4260993937281682,-0.49362394745620336,1,0,0,0,0,0,0,0,0,0,0,0,0,0,0,0,0,0,3,0,0,1.0,0,0,0
1099,-0.4265932791988404,-0.44045480789208313,0,0,0,0,0,0,0,0,0,0,0,0,0,0,0,0,0,0,2,0,0,2.0,0,0,0
1100,0.2710643622868939,-0.10750385567179178,1,0,0,0,0,0,0,0,0,0,0,0,0,0,0,0,0,0,1,0,0,0.0,0,0,0
1101,-0.34907576347820324,-0.4908050163476765,0,0,0,0,0,0,0,0,0,0,0,0,0,0,0,0,0,0,3,0,0,2.0,0,0,0
1102,0.19354684656625676,-0.2079606612526121,0,0,0,0,0,0,0,0,0,0,0,0,0,0,0,0,0,0,3,0,0,2.0,0,0,0
1103,-0.11652321631629182,-0.507157910254343,0,0,0,0,0,0,0,0,0,0,0,0,0,0,0,0,0,0,3,0,0,2.0,0,0,0
1104,-0.9692158892433004,0.7776018439404888,0,0,0,0,0,0,0,0,0,0,0,0,0,0,0,0,0,0,2,0,0,2.0,0,0,0
1105,2.3640372867440966,-0.14077420307613292,1,1,0,0,0,0,0,0,0,0,0,0,0,0,0,0,0,0,2,0,0,2.0,0,0,0
1106,0.6586519408900796,-0.4931405916419841,1,4,0,0,0,0,0,0,0,2,0,0,0,0,0,0,0,0,3,0,0,2.0,0,0,0
1107,0.9687220037726282,0.1782406343085883,0,0,0,0,0,0,0,0,0,0,0,0,0,0,0,0,0,0,1,0,0,2.0,0,0,0
1108,-0.11652321631629182,-0.4911259646083181,1,0,0,0,0,0,0,0,0,0,0,0,0,0,0,0,0,0,3,0,0,1.0,0,0,0
1109,2.131484739582185,2.544106870781617,0,1,0,0,0,0,0,0,0,1,0,0,0,0,0,0,0,0,1,0,0,2.0,0,0,0
1110,1.5888621295377254,3.4457259384308845,1,1,0,0,0,0,0,0,0,1,0,0,0,0,0,0,0,0,1,0,0,0.0,0,0,0
1111,-0.11652321631629182,-0.48782367768557205,0,0,0,0,0,0,0,0,0,0,0,0,0,0,0,0,0,0,3,0,0,2.0,0,0,0
1112,0.03851181512498246,-0.3755246546563796,1,1,0,0,0,0,0,0,0,0,0,0,0,0,0,0,0,0,2,0,0,0.0,0,0,0
1113,-0.6591458263607518,-0.48782367768557205,0,0,0,0,0,0,0,0,0,0,0,0,0,0,0,0,0,0,3,0,0,2.0,0,0,0
1114,-0.5816283106401147,-0.44045480789208313,1,0,0,0,0,0,0,0,0,0,0,0,0,0,0,0,0,0,2,0,0,2.0,0,0,0
1115,-0.6591458263607518,-0.49273843960455366,0,0,0,0,0,0,0,0,0,0,0,0,0,0,0,0,0,0,3,0,0,2.0,0,0,0
1116,1.8214146766996369,-0.11282076962820385,1,0,0,0,0,0,0,0,0,0,0,0,0,0,0,0,0,0,1,0,0,0.0,0,0,0
1117,-0.11652321631629182,-0.34869840696720983,1,0,0,0,0,0,0,0,0,2,0,0,0,0,0,0,0,0,3,0,0,0.0,0,0,0
1118,-0.5041107949194775,-0.49273843960455366,0,0,0,0,0,0,0,0,0,0,0,0,0,0,0,0,0,0,3,0,0,2.0,0,0,0
1119,-0.11652321631629182,-0.49362394745620336,1,0,0,0,0,0,0,0,0,0,0,0,0,0,0,0,0,0,3,0,0,1.0,0,0,0
1120,0.8524457301916725,-0.3515173380757366,0,0,0,0,0,0,0,0,0,0,0,0,0,0,0,0,0,0,3,0,0,2.0,0,0,0
1121,0.5036169094488053,-0.3921192264701557,0,0,0,0,0,0,0,0,0,0,0,0,0,0,0,0,0,0,2,0,0,2.0,0,0,0
1122,-1.201768436405212,0.6132608671059354,0,0,0,0,0,0,0,0,0,0,0,0,0,0,0,0,0,0,2,0,0,2.0,0,0,0
1123,-0.6591458263607518,-0.13014037516330884,1,0,0,0,0,0,0,0,0,0,0,0,0,0,0,0,0,0,1,0,0,2.0,0,0,0
1124,-0.6591458263607518,-0.5178729419439559,0,1,0,0,0,0,0,0,0,0,0,0,0,0,0,0,0,0,3,0,0,2.0,0,0,0
1125,-0.11652321631629182,-0.4911259646083181,0,0,0,0,0,0,0,0,0,0,0,0,0,0,0,0,0,0,3,0,0,1.0,0,0,0
1126,0.7361694566107168,0.7347436506052941,0,1,0,0,0,0,0,0,0,0,0,0,0,0,0,0,0,0,1,0,0,0.0,0,0,0
1127,-0.736663342081389,-0.4916093204225374,0,0,0,0,0,0,0,0,0,0,0,0,0,0,0,0,0,0,3,0,0,2.0,0,0,0
1128,2.674107349626645,0.811436750935838,0,1,0,0,0,0,0,0,0,0,0,0,0,0,0,0,0,0,1,0,0,0.0,0,0,0
1129,-0.736663342081389,-0.5037744195548081,0,0,0,0,0,0,0,0,0,0,0,0,0,0,0,0,0,0,3,0,0,0.0,0,0,0
1130,-0.8916983735226632,-0.3921192264701557,1,1,0,0,0,0,0,0,0,1,0,0,0,0,0,0,0,0,2,0,0,2.0,0,0,0
1131,1.4338270980964511,1.4141814512672732,1,1,0,0,0,0,0,0,0,0,0,0,0,0,0,0,0,0,1,0,0,0.0,0,0,0
1132,1.9764497081409111,-0.10750385567179178,1,0,0,0,0,0,0,0,0,0,0,0,0,0,0,0,0,0,1,0,0,0.0,0,0,0
1133,1.2012745509345397,-0.06343727280104898,1,0,0,0,0,0,0,0,0,2,0,0,0,0,0,0,0,0,2,0,0,2.0,0,0,0
1134,1.2012745509345397,1.9569900306355188,0,1,0,0,0,0,0,0,0,1,0,0,0,0,0,0,0,0,1,0,0,0.0,0,0,0
1135,-0.11652321631629182,-0.49096549047799737,0,0,0,0,0,0,0,0,0,0,0,0,0,0,0,0,0,0,3,0,0,2.0,0,0,0
1136,-0.11652321631629182,-0.19007649612649893,0,1,0,0,0,0,0,0,0,2,0,0,0,0,0,0,0,0,3,0,0,2.0,0,0,0
1137,0.891204488051991,0.35925738673370655,0,1,0,0,0,0,0,0,0,0,0,0,0,0,0,0,0,0,1,0,0,2.0,0,0,0
1138,-0.5816283106401147,-0.23744536591998783,1,0,0,0,0,0,0,0,0,0,0,0,0,0,0,0,0,0,2,0,0,2.0,0,0,0
1139,0.9687220037726282,-0.015101691379121521,0,1,0,0,0,0,0,0,0,1,0,0,0,0,0,0,0,0,2,0,0,2.0,0,0,0
1140,-0.03900570059565468,-0.14077420307613292,1,1,0,0,0,0,0,0,0,0,0,0,0,0,0,0,0,0,2,0,0,2.0,0,0,0
1141,-0.11652321631629182,-0.3640033854686489,1,1,0,0,0,0,0,0,0,0,0,0,0,0,0,0,0,0,3,0,0,0.0,0,0,0
1142,-2.2156975420311458,-0.10693929608078369,1,1,0,0,0,0,0,0,0,2,0,0,0,0,0,0,0,0,2,0,0,2.0,0,0,0
1143,-0.736663342081389,-0.4902404567566684,0,0,0,0,0,0,0,0,0,0,0,0,0,0,0,0,0,0,3,0,0,2.0,0,0,0
1144,-0.19404073203692898,2.0010566135062615,0,1,0,0,0,0,0,0,0,0,0,0,0,0,0,0,0,0,1,0,0,0.0,0,0,0
1145,-0.4265932791988404,-0.46317253116038903,0,0,0,0,0,0,0,0,0,0,0,0,0,0,0,0,0,0,3,0,0,2.0,0,0,0
1146,0.23230560442657533,-0.4597890404608541,0,0,0,0,0,0,0,0,0,0,0,0,0,0,0,0,0,0,3,0,0,2.0,0,0,0
1147,-0.11652321631629182,-0.49749079396995755,0,0,0,0,0,0,0,0,0,0,0,0,0,0,0,0,0,0,3,0,0,2.0,0,0,0
1148,-0.11652321631629182,-0.49362394745620336,0,0,0,0,0,0,0,0,0,0,0,0,0,0,0,0,0,0,3,0,0,1.0,0,0,0
1149,-0.11652321631629182,-0.48782367768557205,0,0,0,0,0,0,0,0,0,0,0,0,0,0,0,0,0,0,3,0,0,2.0,0,0,0
1150,-0.8141808578020261,-0.3921192264701557,1,0,0,0,0,0,0,0,0,0,0,0,0,0,0,0,0,0,2,0,0,2.0,0,0,0
1151,-0.6591458263607518,-0.4931405916419841,0,0,0,0,0,0,0,0,0,0,0,0,0,0,0,0,0,0,3,0,0,2.0,0,0,0
1152,0.5423756673091239,-0.3070486031675634,0,1,0,0,0,0,0,0,0,0,0,0,0,0,0,0,0,0,3,0,0,2.0,0,0,0
1153,-0.6591458263607518,-0.4916093204225374,0,0,0,0,0,0,0,0,0,0,0,0,0,0,0,0,0,0,3,0,0,2.0,0,0,0
1154,-0.03900570059565468,-0.19877690078244586,1,0,0,0,0,0,0,0,0,2,0,0,0,0,0,0,0,0,2,0,0,2.0,0,0,0
1155,-2.2094961407734948,-0.40790949420907097,1,1,0,0,0,0,0,0,0,1,0,0,0,0,0,0,0,0,3,0,0,2.0,0,0,0
1156,0.03851181512498246,-0.39719446251945806,0,0,0,0,0,0,0,0,0,0,0,0,0,0,0,0,0,0,2,0,0,0.0,0,0,0
1157,-0.11652321631629182,-0.4908050163476765,0,0,0,0,0,0,0,0,0,0,0,0,0,0,0,0,0,0,3,0,0,2.0,0,0,0
1158,-0.11652321631629182,-0.6434642498641785,0,0,0,0,0,0,0,0,0,0,0,0,0,0,0,0,0,0,1,0,0,2.0,0,0,0
1159,-0.11652321631629182,-0.49749079396995755,0,0,0,0,0,0,0,0,0,0,0,0,0,0,0,0,0,0,3,0,0,2.0,0,0,0
1160,-0.11652321631629182,-0.48782367768557205,1,0,0,0,0,0,0,0,0,0,0,0,0,0,0,0,0,0,3,0,0,2.0,0,0,0
1161,-0.9692158892433004,-0.4759814602371998,0,0,0,0,0,0,0,0,0,0,0,0,0,0,0,0,0,0,3,0,0,2.0,0,0,0
1162,1.2787920666551769,0.8112762768055171,0,0,0,0,0,0,0,0,0,0,0,0,0,0,0,0,0,0,1,0,0,0.0,0,0,0
1163,-0.11652321631629182,-0.49362394745620336,0,0,0,0,0,0,0,0,0,0,0,0,0,0,0,0,0,0,3,0,0,1.0,0,0,0
1164,-0.2715582477575661,2.0010566135062615,1,1,0,0,0,0,0,0,0,0,0,0,0,0,0,0,0,0,1,0,0,0.0,0,0,0
1165,-0.11652321631629182,-0.3437836450482282,1,1,0,0,0,0,0,0,0,0,0,0,0,0,0,0,0,0,3,0,0,1.0,0,0,0
1166,-0.11652321631629182,-0.5037744195548081,0,0,0,0,0,0,0,0,0,0,0,0,0,0,0,0,0,0,3,0,0,0.0,0,0,0
1167,-0.736663342081389,-0.14077420307613292,1,1,0,0,0,0,0,0,0,0,0,0,0,0,0,0,0,0,2,0,0,2.0,0,0,0
1168,-0.11652321631629182,-0.44045480789208313,0,0,0,0,0,0,0,0,0,0,0,0,0,0,0,0,0,0,2,0,0,2.0,0,0,0
1169,0.8136869723313539,-0.14077420307613292,0,1,0,0,0,0,0,0,0,0,0,0,0,0,0,0,0,0,2,0,0,2.0,0,0,0
1170,0.03851181512498246,-0.23744536591998783,0,1,0,0,0,0,0,0,0,0,0,0,0,0,0,0,0,0,2,0,0,2.0,0,0,0
1171,-0.5816283106401147,-0.44045480789208313,0,0,0,0,0,0,0,0,0,0,0,0,0,0,0,0,0,0,2,0,0,2.0,0,0,0
1172,-0.5041107949194775,-0.4759814602371998,1,0,0,0,0,0,0,0,0,0,0,0,0,0,0,0,0,0,3,0,0,2.0,0,0,0
1173,-2.228875519703654,-0.3771351962293582,0,1,0,0,0,0,0,0,0,1,0,0,0,0,0,0,0,0,3,0,0,2.0,0,0,0
1174,-0.11652321631629182,-0.49362394745620336,1,0,0,0,0,0,0,0,0,0,0,0,0,0,0,0,0,0,3,0,0,1.0,0,0,0
1175,-1.5893560150083976,-0.34869840696720983,1,1,0,0,0,0,0,0,0,1,0,0,0,0,0,0,0,0,3,0,0,0.0,0,0,0
1176,-2.1319786250528576,-0.252671074067895,1,1,0,0,0,0,0,0,0,1,0,0,0,0,0,0,0,0,3,0,0,2.0,0,0,0
1177,0.5036169094488053,-0.5032910637405889,0,0,0,0,0,0,0,0,0,0,0,0,0,0,0,0,0,0,3,0,0,2.0,0,0,0
1178,-0.11652321631629182,-0.5032910637405889,0,0,0,0,0,0,0,0,0,0,0,0,0,0,0,0,0,0,3,0,0,2.0,0,0,0
1179,-0.4265932791988404,0.9470992606011334,0,1,0,0,0,0,0,0,0,0,0,0,0,0,0,0,0,0,1,0,0,2.0,0,0,0
1180,-0.11652321631629182,-0.5036932157780193,0,0,0,0,0,0,0,0,0,0,0,0,0,0,0,0,0,0,3,0,0,0.0,0,0,0
1181,-0.11652321631629182,-0.48782367768557205,0,0,0,0,0,0,0,0,0,0,0,0,0,0,0,0,0,0,3,0,0,2.0,0,0,0
1182,-0.11652321631629182,0.12217135985915248,0,0,0,0,0,0,0,0,0,0,0,0,0,0,0,0,0,0,1,0,0,2.0,0,0,0
1183,0.03851181512498246,-0.5090913335112202,1,0,0,0,0,0,0,0,0,0,0,0,0,0,0,0,0,0,3,0,0,1.0,0,0,0
1184,-0.11652321631629182,-0.5036932157780193,0,0,0,0,0,0,0,0,0,0,0,0,0,0,0,0,0,0,3,0,0,0.0,0,0,0
1185,1.8214146766996369,0.9392031600200472,0,1,0,0,0,0,0,0,0,1,0,0,0,0,0,0,0,0,1,0,0,2.0,0,0,0
1186,0.5036169094488053,-0.4597890404608541,0,0,0,0,0,0,0,0,0,0,0,0,0,0,0,0,0,0,3,0,0,2.0,0,0,0
1187,-0.2715582477575661,-0.4908050163476765,0,0,0,0,0,0,0,0,0,0,0,0,0,0,0,0,0,0,3,0,0,2.0,0,0,0
1188,-2.2094961407734948,0.16043767295926398,1,1,0,0,0,0,0,0,0,2,0,0,0,0,0,0,0,0,2,0,0,0.0,0,0,0
1189,-0.11652321631629182,-0.22431355515927853,0,2,0,0,0,0,0,0,0,0,0,0,0,0,0,0,0,0,3,0,0,0.0,0,0,0
1190,0.03851181512498246,0.23624333201490125,0,0,0,0,0,0,0,0,0,0,0,0,0,0,0,0,0,0,1,0,0,2.0,0,0,0
1191,-0.03900570059565468,-0.4916093204225374,0,0,0,0,0,0,0,0,0,0,0,0,0,0,0,0,0,0,3,0,0,2.0,0,0,0
1192,0.19354684656625676,-0.4931405916419841,0,0,0,0,0,0,0,0,0,0,0,0,0,0,0,0,0,0,3,0,0,2.0,0,0,0
1193,-0.11652321631629182,-0.352565253480964,0,0,0,0,0,0,0,0,0,0,0,0,0,0,0,0,0,0,2,0,0,0.0,0,0,0
1194,1.0462395194932654,-0.23744536591998783,0,0,0,0,0,0,0,0,0,1,0,0,0,0,0,0,0,0,2,0,0,2.0,0,0,0
1195,-0.4265932791988404,-0.4759814602371998,0,0,0,0,0,0,0,0,0,0,0,0,0,0,0,0,0,0,3,0,0,2.0,0,0,0
1196,-0.11652321631629182,-0.49362394745620336,1,0,0,0,0,0,0,0,0,0,0,0,0,0,0,0,0,0,3,0,0,1.0,0,0,0
1197,2.674107349626645,-0.13014037516330884,1,1,0,0,0,0,0,0,0,1,0,0,0,0,0,0,0,0,1,0,0,2.0,0,0,0
1198,0.03851181512498246,2.286638695933064,0,1,0,0,0,0,0,0,0,2,0,0,0,0,0,0,0,0,1,0,0,2.0,0,0,0
1199,-2.2226741184460033,-0.46268917534616977,0,0,0,0,0,0,0,0,0,1,0,0,0,0,0,0,0,0,3,0,0,2.0,0,0,0
1200,1.9764497081409111,1.1642864953159084,0,1,0,0,0,0,0,0,0,1,0,0,0,0,0,0,0,0,1,0,0,2.0,0,0,0
1201,1.2012745509345397,-0.3706910965141868,1,1,0,0,0,0,0,0,0,0,0,0,0,0,0,0,0,0,3,0,0,2.0,0,0,0
1202,-0.8916983735226632,-0.4759814602371998,0,0,0,0,0,0,0,0,0,0,0,0,0,0,0,0,0,0,3,0,0,2.0,0,0,0
1203,-0.5816283106401147,-0.5037744195548081,0,0,0,0,0,0,0,0,0,0,0,0,0,0,0,0,0,0,3,0,0,0.0,0,0,0
1204,-0.11652321631629182,-0.4970074381557383,0,0,0,0,0,0,0,0,0,0,0,0,0,0,0,0,0,0,3,0,0,2.0,0,0,0
1205,0.5811344251694425,-0.49362394745620336,1,0,0,0,0,0,0,0,0,0,0,0,0,0,0,0,0,0,3,0,0,1.0,0,0,0
1206,1.9764497081409111,1.9789015164057067,1,0,0,0,0,0,0,0,0,0,0,0,0,0,0,0,0,0,1,0,0,0.0,0,0,0
1207,-0.9692158892433004,-0.4939468291401018,1,0,0,0,0,0,0,0,0,0,0,0,0,0,0,0,0,0,3,0,0,1.0,0,0,0
1208,2.131484739582185,2.189402973498201,0,1,0,0,0,0,0,0,0,0,0,0,0,0,0,0,0,0,1,0,0,0.0,0,0,0
1209,-0.8141808578020261,-0.44045480789208313,0,0,0,0,0,0,0,0,0,0,0,0,0,0,0,0,0,0,2,0,0,2.0,0,0,0
1210,-0.19404073203692898,-0.4916093204225374,0,0,0,0,0,0,0,0,0,0,0,0,0,0,0,0,0,0,3,0,0,2.0,0,0,0
1211,-0.5816283106401147,-0.0344359239478925,0,2,0,0,0,0,0,0,0,0,0,0,0,0,0,0,0,0,2,0,0,2.0,0,0,0
1212,-0.2715582477575661,-0.4931405916419841,0,0,0,0,0,0,0,0,0,0,0,0,0,0,0,0,0,0,3,0,0,2.0,0,0,0
1213,-0.34907576347820324,-0.5036932157780193,0,0,0,0,0,0,0,0,0,0,0,0,0,0,0,0,0,0,3,0,0,0.0,0,0,0
1214,-0.2715582477575661,-0.3921192264701557,0,0,0,0,0,0,0,0,0,0,0,0,0,0,0,0,0,0,2,0,0,2.0,0,0,0
1215,0.2710643622868939,-0.13014037516330884,0,0,0,0,0,0,0,0,0,0,0,0,0,0,0,0,0,0,1,0,0,2.0,0,0,0
1216,0.7361694566107168,3.4425841256384593,1,0,0,0,0,0,0,0,0,0,0,0,0,0,0,0,0,0,1,0,0,2.0,0,0,0
1217,-0.5041107949194775,-0.507157910254343,0,0,0,0,0,0,0,0,0,0,0,0,0,0,0,0,0,0,3,0,0,2.0,0,0,0
1218,-1.3568034678464862,0.11057082031788987,1,2,0,0,0,0,0,0,0,1,0,0,0,0,0,0,0,0,2,0,0,2.0,0,0,0
1219,1.2787920666551769,0.8878069695824834,0,0,0,0,0,0,0,0,0,0,0,0,0,0,0,0,0,0,1,0,0,0.0,0,0,0
1220,-0.03900570059565468,-0.14077420307613292,0,1,0,0,0,0,0,0,0,0,0,0,0,0,0,0,0,0,2,0,0,2.0,0,0,0
1221,-0.6591458263607518,-0.3921192264701557,0,0,0,0,0,0,0,0,0,0,0,0,0,0,0,0,0,0,2,0,0,2.0,0,0,0
1222,1.4338270980964511,0.06706879703815516,1,0,0,0,0,0,0,0,0,2,0,0,0,0,0,0,0,0,2,0,0,2.0,0,0,0
1223,0.7361694566107168,-0.06923754257168029,0,0,0,0,0,0,0,0,0,0,0,0,0,0,0,0,0,0,1,0,0,0.0,0,0,0
1224,-0.11652321631629182,-0.5037744195548081,0,0,0,0,0,0,0,0,0,0,0,0,0,0,0,0,0,0,3,0,0,0.0,0,0,0
1225,-0.8141808578020261,-0.33911056103635623,1,1,0,0,0,0,0,0,0,1,0,0,0,0,0,0,0,0,3,0,0,0.0,0,0,0
1226,-0.19404073203692898,-0.4908050163476765,0,0,0,0,0,0,0,0,0,0,0,0,0,0,0,0,0,0,3,0,0,2.0,0,0,0
1227,0.03851181512498246,-0.14077420307613292,0,0,0,0,0,0,0,0,0,0,0,0,0,0,0,0,0,0,1,0,0,2.0,0,0,0
1228,0.19354684656625676,-0.3921192264701557,0,0,0,0,0,0,0,0,0,0,0,0,0,0,0,0,0,0,2,0,0,2.0,0,0,0
1229,0.7361694566107168,-0.5036932157780193,0,0,0,0,0,0,0,0,0,2,0,0,0,0,0,0,0,0,3,0,0,0.0,0,0,0
1230,-0.34907576347820324,-0.0344359239478925,0,0,0,0,0,0,0,0,0,0,0,0,0,0,0,0,0,0,2,0,0,2.0,0,0,0
1231,-0.11652321631629182,-0.5036932157780193,0,0,0,0,0,0,0,0,0,0,0,0,0,0,0,0,0,0,3,0,0,0.0,0,0,0
1232,-0.8916983735226632,-0.44045480789208313,0,0,0,0,0,0,0,0,0,0,0,0,0,0,0,0,0,0,2,0,0,2.0,0,0,0
1233,0.19354684656625676,-0.49692623437894945,0,0,0,0,0,0,0,0,0,0,0,0,0,0,0,0,0,0,3,0,0,2.0,0,0,0
1234,-0.11652321631629182,0.7012316252938433,0,1,0,0,0,0,0,0,0,9,0,0,0,0,0,0,0,0,3,0,0,2.0,0,0,0
1235,2.2090022553028223,9.262027654708204,1,0,0,0,0,0,0,0,0,1,0,0,0,0,0,0,0,0,1,0,0,0.0,0,0,0
1236,-0.11652321631629182,-0.3631178776169992,0,1,0,0,0,0,0,0,0,1,0,0,0,0,0,0,0,0,3,0,0,2.0,0,0,0
1237,-1.0467334049639376,-0.4955573707130805,1,0,0,0,0,0,0,0,0,0,0,0,0,0,0,0,0,0,3,0,0,2.0,0,0,0
1238,-0.2715582477575661,-0.3921192264701557,0,0,0,0,0,0,0,0,0,0,0,0,0,0,0,0,0,0,2,0,0,2.0,0,0,0
1239,0.6586519408900796,-0.5036932157780193,1,0,0,0,0,0,0,0,0,0,0,0,0,0,0,0,0,0,3,0,0,0.0,0,0,0
1240,-0.4265932791988404,-0.3824521101857702,0,0,0,0,0,0,0,0,0,0,0,0,0,0,0,0,0,0,2,0,0,2.0,0,0,0
1241,0.1160293308456196,-0.23744536591998783,1,0,0,0,0,0,0,0,0,0,0,0,0,0,0,0,0,0,2,0,0,2.0,0,0,0
1242,1.2012745509345397,0.5815198574977841,1,0,0,0,0,0,0,0,0,1,0,0,0,0,0,0,0,0,1,0,0,0.0,0,0,0
1243,-0.34907576347820324,-0.44045480789208313,0,0,0,0,0,0,0,0,0,0,0,0,0,0,0,0,0,0,2,0,0,2.0,0,0,0
1244,-0.8916983735226632,0.7776018439404888,0,0,0,0,0,0,0,0,0,0,0,0,0,0,0,0,0,0,2,0,0,2.0,0,0,0
1245,1.5113446138170883,0.6132608671059354,0,1,0,0,0,0,0,0,0,2,0,0,0,0,0,0,0,0,2,0,0,2.0,0,0,0
1246,-2.2738356788216234,-0.2456624147617155,1,1,0,0,0,0,0,0,0,2,0,0,0,0,0,0,0,0,3,0,0,2.0,0,0,0
1247,1.5888621295377254,-0.14077420307613292,0,0,0,0,0,0,0,0,0,0,0,0,0,0,0,0,0,0,1,0,0,2.0,0,0,0
1248,2.2865197710234595,0.35184657539009667,1,2,0,0,0,0,0,0,0,0,0,0,0,0,0,0,0,0,1,0,0,2.0,0,0,0
1249,-0.11652321631629182,-0.4911259646083181,0,0,0,0,0,0,0,0,0,0,0,0,0,0,0,0,0,0,3,0,0,2.0,0,0,0
1250,-0.11652321631629182,-0.49362394745620336,0,0,0,0,0,0,0,0,0,0,0,0,0,0,0,0,0,0,3,0,0,1.0,0,0,0
1251,0.03851181512498246,-0.34281693341978964,1,1,0,0,0,0,0,0,0,0,0,0,0,0,0,0,0,0,3,0,0,2.0,0,0,0
1252,-1.1630096785448933,0.7012316252938433,0,8,0,0,0,0,0,0,0,2,0,0,0,0,0,0,0,0,3,0,0,2.0,0,0,0
1253,-0.4265932791988404,0.07198355895713669,1,1,0,0,0,0,0,0,0,1,0,0,0,0,0,0,0,0,2,0,0,0.0,0,0,0
1254,0.1160293308456196,-0.23744536591998783,1,0,0,0,0,0,0,0,0,0,0,0,0,0,0,0,0,0,2,0,0,2.0,0,0,0
1255,-0.19404073203692898,-0.4759814602371998,0,0,0,0,0,0,0,0,0,0,0,0,0,0,0,0,0,0,3,0,0,2.0,0,0,0
1256,-0.34907576347820324,0.42845847194385167,1,1,0,0,0,0,0,0,0,0,0,0,0,0,0,0,0,0,1,0,0,0.0,0,0,0
1257,-0.11652321631629182,0.7012316252938433,1,1,0,0,0,0,0,0,0,9,0,0,0,0,0,0,0,0,3,0,0,2.0,0,0,0
1258,-0.11652321631629182,-0.3639241151151169,0,1,0,0,0,0,0,0,0,0,0,0,0,0,0,0,0,0,3,0,0,0.0,0,0,0
1259,-0.5816283106401147,0.12386310520891992,1,0,0,0,0,0,0,0,0,0,0,0,0,0,0,0,0,0,3,0,0,2.0,0,0,0
1260,1.2012745509345397,0.5049891647208179,1,0,0,0,0,0,0,0,0,1,0,0,0,0,0,0,0,0,1,0,0,0.0,0,0,0
1261,-0.03900570059565468,-0.3755246546563796,0,0,0,0,0,0,0,0,0,0,0,0,0,0,0,0,0,0,2,0,0,0.0,0,0,0
1262,-0.6591458263607518,-0.42112057532331215,0,1,0,0,0,0,0,0,0,0,0,0,0,0,0,0,0,0,2,0,0,2.0,0,0,0
1263,0.1160293308456196,1.9569900306355188,1,0,0,0,0,0,0,0,0,0,0,0,0,0,0,0,0,0,1,0,0,0.0,0,0,0
1264,1.5113446138170883,-0.6434642498641785,0,0,0,0,0,0,0,0,0,0,0,0,0,0,0,0,0,0,1,0,0,2.0,0,0,0
1265,1.1237570352139026,-0.3921192264701557,0,0,0,0,0,0,0,0,0,0,0,0,0,0,0,0,0,0,2,0,0,2.0,0,0,0
1266,1.898932192420274,0.9392031600200472,1,1,0,0,0,0,0,0,0,1,0,0,0,0,0,0,0,0,1,0,0,2.0,0,0,0
1267,1.2012745509345397,4.429355020367108,1,0,0,0,0,0,0,0,0,0,0,0,0,0,0,0,0,0,1,0,0,0.0,0,0,0
1268,-0.5816283106401147,-0.4759814602371998,1,2,0,0,0,0,0,0,0,0,0,0,0,0,0,0,0,0,3,0,0,2.0,0,0,0
1269,-0.6591458263607518,-0.42112057532331215,0,0,0,0,0,0,0,0,0,0,0,0,0,0,0,0,0,0,2,0,0,2.0,0,0,0
1270,1.9764497081409111,0.3232473785743707,0,0,0,0,0,0,0,0,0,0,0,0,0,0,0,0,0,0,1,0,0,2.0,0,0,0
1271,-1.8994260778909462,-0.036611025111879254,0,4,0,0,0,0,0,0,0,2,0,0,0,0,0,0,0,0,3,0,0,2.0,0,0,0
1272,-0.11652321631629182,-0.49362394745620336,0,0,0,0,0,0,0,0,0,0,0,0,0,0,0,0,0,0,3,0,0,1.0,0,0,0
1273,-0.2715582477575661,-0.4911259646083181,0,0,0,0,0,0,0,0,0,0,0,0,0,0,0,0,0,0,3,0,0,1.0,0,0,0
1274,-0.11652321631629182,-0.3631178776169992,1,0,0,0,0,0,0,0,0,0,0,0,0,0,0,0,0,0,3,0,0,2.0,0,0,0
1275,-0.8141808578020261,-0.3321831055069656,1,1,0,0,0,0,0,0,0,0,0,0,0,0,0,0,0,0,3,0,0,2.0,0,0,0
1276,-0.11652321631629182,-0.39453600554125207,0,0,0,0,0,0,0,0,0,0,0,0,0,0,0,0,0,0,2,0,0,2.0,0,0,0
1277,-0.4265932791988404,0.6132608671059354,1,1,0,0,0,0,0,0,0,2,0,0,0,0,0,0,0,0,2,0,0,2.0,0,0,0
1278,-0.4265932791988404,-0.4931405916419841,0,0,0,0,0,0,0,0,0,0,0,0,0,0,0,0,0,0,3,0,0,2.0,0,0,0
1279,2.131484739582185,-0.3921192264701557,0,0,0,0,0,0,0,0,0,0,0,0,0,0,0,0,0,0,2,0,0,2.0,0,0,0
1280,-0.6591458263607518,-0.49362394745620336,0,0,0,0,0,0,0,0,0,0,0,0,0,0,0,0,0,0,3,0,0,1.0,0,0,0
1281,-1.821908562170309,-0.23599529847733,0,3,0,0,0,0,0,0,0,1,0,0,0,0,0,0,0,0,3,0,0,2.0,0,0,0
1282,-0.5041107949194775,1.1642864953159084,0,0,0,0,0,0,0,0,0,0,0,0,0,0,0,0,0,0,1,0,0,2.0,0,0,0
1283,1.6663796452583626,0.11830451334539824,1,0,0,0,0,0,0,0,0,1,0,0,0,0,0,0,0,0,1,0,0,2.0,0,0,0
1284,-1.279285952125849,-0.25194604034656604,0,0,0,0,0,0,0,0,0,2,0,0,0,0,0,0,0,0,3,0,0,2.0,0,0,0
1285,1.356309582375814,-0.44045480789208313,0,0,0,0,0,0,0,0,0,0,0,0,0,0,0,0,0,0,2,0,0,2.0,0,0,0
1286,-0.03900570059565468,-0.21762777753699758,0,3,0,0,0,0,0,0,0,1,0,0,0,0,0,0,0,0,3,0,0,2.0,0,0,0
1287,-0.8916983735226632,0.5165897042620805,1,1,0,0,0,0,0,0,0,0,0,0,0,0,0,0,0,0,1,0,0,2.0,0,0,0
1288,-0.4265932791988404,-0.5032910637405889,0,0,0,0,0,0,0,0,0,0,0,0,0,0,0,0,0,0,3,0,0,1.0,0,0,0
1289,1.4338270980964511,0.8878069695824834,1,1,0,0,0,0,0,0,0,1,0,0,0,0,0,0,0,0,1,0,0,0.0,0,0,0
1290,-0.5816283106401147,-0.4931405916419841,0,0,0,0,0,0,0,0,0,0,0,0,0,0,0,0,0,0,3,0,0,2.0,0,0,0
1291,0.1160293308456196,-0.4939468291401018,0,0,0,0,0,0,0,0,0,0,0,0,0,0,0,0,0,0,3,0,0,1.0,0,0,0
1292,0.03851181512498246,2.544106870781617,1,0,0,0,0,0,0,0,0,0,0,0,0,0,0,0,0,0,1,0,0,2.0,0,0,0
1293,0.6586519408900796,-0.23744536591998783,0,1,0,0,0,0,0,0,0,0,0,0,0,0,0,0,0,0,2,0,0,2.0,0,0,0
1294,-0.5816283106401147,0.5049891647208179,1,0,0,0,0,0,0,0,0,1,0,0,0,0,0,0,0,0,1,0,0,0.0,0,0,0
1295,-0.9692158892433004,0.26717810412493487,0,0,0,0,0,0,0,0,0,0,0,0,0,0,0,0,0,0,1,0,0,2.0,0,0,0
1296,1.0462395194932654,-0.10750385567179178,0,1,0,0,0,0,0,0,0,0,0,0,0,0,0,0,0,0,1,0,0,0.0,0,0,0
1297,-0.736663342081389,-0.3754434508795907,0,0,0,0,0,0,0,0,0,0,0,0,0,0,0,0,0,0,2,0,0,0.0,0,0,0
1298,-0.5041107949194775,-0.44045480789208313,0,1,0,0,0,0,0,0,0,0,0,0,0,0,0,0,0,0,2,0,0,2.0,0,0,0
1299,1.5888621295377254,3.4457259384308845,0,1,0,0,0,0,0,0,0,1,0,0,0,0,0,0,0,0,1,0,0,0.0,0,0,0
1300,-0.11652321631629182,-0.49418850704721146,1,0,0,0,0,0,0,0,0,0,0,0,0,0,0,0,0,0,3,0,0,1.0,0,0,0
1301,-2.0544611093322205,-0.3771351962293582,1,1,0,0,0,0,0,0,0,1,0,0,0,0,0,0,0,0,3,0,0,2.0,0,0,0
1302,-0.11652321631629182,-0.49362394745620336,1,0,0,0,0,0,0,0,0,0,0,0,0,0,0,0,0,0,3,0,0,1.0,0,0,0
1303,0.5811344251694425,1.09661668132521,1,1,0,0,0,0,0,0,0,0,0,0,0,0,0,0,0,0,1,0,0,1.0,0,0,0
1304,-0.11652321631629182,-0.4931405916419841,1,0,0,0,0,0,0,0,0,0,0,0,0,0,0,0,0,0,3,0,0,2.0,0,0,0
1305,-0.11652321631629182,-0.48782367768557205,0,0,0,0,0,0,0,0,0,0,0,0,0,0,0,0,0,0,3,0,0,2.0,0,0,0
1306,0.7361694566107168,1.4620336768749818,1,0,0,0,0,0,0,0,0,0,0,0,0,0,0,0,0,0,1,0,0,0.0,0,0,0
1307,0.6974106987503982,-0.5032910637405889,0,0,0,0,0,0,0,0,0,0,0,0,0,0,0,0,0,0,3,0,0,2.0,0,0,0
1308,-0.11652321631629182,-0.48782367768557205,0,0,0,0,0,0,0,0,0,0,0,0,0,0,0,0,0,0,3,0,0,2.0,0,0,0
1309,-0.11652321631629182,-0.2111836778218262,0,1,0,0,0,0,0,0,0,1,0,0,0,0,0,0,0,0,3,0,0,0.0,0,0,0
